backend,mode,operation,dataset,input_rows,repeat,status,seconds,reason,warnings,validated,source_file
dask,standard,sum_columns,large,200000,0.0,ok,0.029603303000044434,,[],True,large-dask.json
dask,standard,sum_columns,large,200000,1.0,ok,0.024373512000011033,,[],True,large-dask.json
dask,standard,sum_columns,large,200000,2.0,ok,0.02807538799993381,,[],True,large-dask.json
dask,standard,product_columns,large,200000,0.0,ok,0.024657301000047482,,[],True,large-dask.json
dask,standard,product_columns,large,200000,1.0,ok,0.026684994999982337,,[],True,large-dask.json
dask,standard,product_columns,large,200000,2.0,ok,0.024735006000014437,,[],True,large-dask.json
dask,standard,std,large,200000,0.0,ok,0.0242679059999773,,[],True,large-dask.json
dask,standard,std,large,200000,1.0,ok,0.02444663100004618,,[],True,large-dask.json
dask,standard,std,large,200000,2.0,ok,0.03198683199991592,,[],True,large-dask.json
dask,standard,mean_sum,large,200000,0.0,ok,0.028108084999985294,,[],True,large-dask.json
dask,standard,mean_sum,large,200000,1.0,ok,0.028073034000044572,,[],True,large-dask.json
dask,standard,mean_sum,large,200000,2.0,ok,0.026710112000046138,,[],True,large-dask.json
dask,standard,join_count,large,200000,0.0,ok,0.027962970999965364,,[],True,large-dask.json
dask,standard,join_count,large,200000,1.0,ok,0.02983248199996069,,[],True,large-dask.json
dask,standard,join_count,large,200000,2.0,ok,0.026526140999976633,,[],True,large-dask.json
dask,standard,value_counts,large,200000,0.0,ok,0.03809938599999896,,[],True,large-dask.json
dask,standard,value_counts,large,200000,1.0,ok,0.03789583599996149,,[],True,large-dask.json
dask,standard,value_counts,large,200000,2.0,ok,0.0389120660000799,,[],True,large-dask.json
dask,standard,complex,large,200000,,skipped,,source lacks coordinates,,,large-dask.json
dask,standard,mean_product,large,200000,0.0,ok,0.028270441000017854,,[],True,large-dask.json
dask,standard,mean_product,large,200000,1.0,ok,0.027744103000031828,,[],True,large-dask.json
dask,standard,mean_product,large,200000,2.0,ok,0.02907847899996341,,[],True,large-dask.json
dask,standard,read_collect,large,200000,0.0,ok,0.04870241799994801,,[],True,large-dask.json
dask,standard,read_collect,large,200000,1.0,ok,0.045215020999989974,,[],True,large-dask.json
dask,standard,read_collect,large,200000,2.0,ok,0.05104568800004472,,[],True,large-dask.json
dask,standard,count,large,200000,0.0,ok,0.005728216999955293,,[],True,large-dask.json
dask,standard,count,large,200000,1.0,ok,0.005216481000047679,,[],True,large-dask.json
dask,standard,count,large,200000,2.0,ok,0.005861544000026697,,[],True,large-dask.json
dask,standard,groupby,large,200000,0.0,ok,0.05213420600000518,,[],True,large-dask.json
dask,standard,groupby,large,200000,1.0,ok,0.049452525999981845,,[],True,large-dask.json
dask,standard,groupby,large,200000,2.0,ok,0.05147643500004051,,[],True,large-dask.json
dask,standard,join,large,200000,0.0,ok,0.03895978700006708,,[],True,large-dask.json
dask,standard,join,large,200000,1.0,ok,0.046570661999908225,,[],True,large-dask.json
dask,standard,join,large,200000,2.0,ok,0.042002036999974734,,[],True,large-dask.json
dask,standard,mean,large,200000,0.0,ok,0.026929314999961207,,[],True,large-dask.json
dask,standard,mean,large,200000,1.0,ok,0.027671685999962392,,[],True,large-dask.json
dask,standard,mean,large,200000,2.0,ok,0.02660031400000662,,[],True,large-dask.json
dask,standard,mean_complex,large,200000,,skipped,,source lacks coordinates,,,large-dask.json
dask,standard,read_construct,large,200000,0.0,ok,0.01052433999996083,,[],False,large-dask.json
dask,standard,read_construct,large,200000,1.0,ok,0.004237267000007705,,[],False,large-dask.json
dask,standard,read_construct,large,200000,2.0,ok,0.004430812999999034,,[],False,large-dask.json
dask,standard,count_index,large,200000,0.0,ok,0.01872047400001975,,[],True,large-dask.json
dask,standard,count_index,large,200000,1.0,ok,0.018508330000031492,,[],True,large-dask.json
dask,standard,count_index,large,200000,2.0,ok,0.024021010999945247,,[],True,large-dask.json
dask,filtered,value_counts,large,200000,0.0,ok,0.04149294000001191,,[],True,large-dask.json
dask,filtered,value_counts,large,200000,1.0,ok,0.04950288400004865,,[],True,large-dask.json
dask,filtered,value_counts,large,200000,2.0,ok,0.049628761000008126,,[],True,large-dask.json
dask,filtered,join_count,large,200000,0.0,ok,0.03772616900005232,,[],True,large-dask.json
dask,filtered,join_count,large,200000,1.0,ok,0.04313665799998034,,[],True,large-dask.json
dask,filtered,join_count,large,200000,2.0,ok,0.0401543349998974,,[],True,large-dask.json
dask,filtered,product_columns,large,200000,0.0,ok,0.03131461600003149,,[],True,large-dask.json
dask,filtered,product_columns,large,200000,1.0,ok,0.029677723999952832,,[],True,large-dask.json
dask,filtered,product_columns,large,200000,2.0,ok,0.027575339999998505,,[],True,large-dask.json
dask,filtered,mean_product,large,200000,0.0,ok,0.031083270000067387,,[],True,large-dask.json
dask,filtered,mean_product,large,200000,1.0,ok,0.0317484309999827,,[],True,large-dask.json
dask,filtered,mean_product,large,200000,2.0,ok,0.030960397999933775,,[],True,large-dask.json
dask,filtered,join,large,200000,0.0,ok,0.05223700599992753,,[],True,large-dask.json
dask,filtered,join,large,200000,1.0,ok,0.05240620199992918,,[],True,large-dask.json
dask,filtered,join,large,200000,2.0,ok,0.053772387999970306,,[],True,large-dask.json
dask,filtered,groupby,large,200000,0.0,ok,0.053221970999970836,,[],True,large-dask.json
dask,filtered,groupby,large,200000,1.0,ok,0.05582725900001151,,[],True,large-dask.json
dask,filtered,groupby,large,200000,2.0,ok,0.06588885599990135,,[],True,large-dask.json
dask,filtered,sum_columns,large,200000,0.0,ok,0.030517058999976143,,[],True,large-dask.json
dask,filtered,sum_columns,large,200000,1.0,ok,0.03338988599989534,,[],True,large-dask.json
dask,filtered,sum_columns,large,200000,2.0,ok,0.033771864999948775,,[],True,large-dask.json
dask,filtered,mean,large,200000,0.0,ok,0.03255711600002087,,[],True,large-dask.json
dask,filtered,mean,large,200000,1.0,ok,0.041152929000077165,,[],True,large-dask.json
dask,filtered,mean,large,200000,2.0,ok,0.031754965999994056,,[],True,large-dask.json
dask,filtered,mean_complex,large,200000,,skipped,,source lacks coordinates,,,large-dask.json
dask,filtered,std,large,200000,0.0,ok,0.028496939999968163,,[],True,large-dask.json
dask,filtered,std,large,200000,1.0,ok,0.029500222000024223,,[],True,large-dask.json
dask,filtered,std,large,200000,2.0,ok,0.035434875000078137,,[],True,large-dask.json
dask,filtered,mean_sum,large,200000,0.0,ok,0.03170048099991618,,[],True,large-dask.json
dask,filtered,mean_sum,large,200000,1.0,ok,0.03319240500002252,,[],True,large-dask.json
dask,filtered,mean_sum,large,200000,2.0,ok,0.03475282599993079,,[],True,large-dask.json
dask,filtered,count,large,200000,0.0,ok,0.03720759899999848,,[],True,large-dask.json
dask,filtered,count,large,200000,1.0,ok,0.032663963000004514,,[],True,large-dask.json
dask,filtered,count,large,200000,2.0,ok,0.03194960899998023,,[],True,large-dask.json
dask,filtered,count_index,large,200000,0.0,ok,0.030408438999984355,,[],True,large-dask.json
dask,filtered,count_index,large,200000,1.0,ok,0.030940299000008054,,[],True,large-dask.json
dask,filtered,count_index,large,200000,2.0,ok,0.029714508999973077,,[],True,large-dask.json
dask,filtered,complex,large,200000,,skipped,,source lacks coordinates,,,large-dask.json
dask,filtered_cached,value_counts,large,200000,0.0,ok,0.04416504900007112,,[],True,large-dask.json
dask,filtered_cached,value_counts,large,200000,1.0,ok,0.0419356779999589,,[],True,large-dask.json
dask,filtered_cached,value_counts,large,200000,2.0,ok,0.042935383999974874,,[],True,large-dask.json
dask,filtered_cached,join_count,large,200000,0.0,ok,0.02148944400005348,,[],True,large-dask.json
dask,filtered_cached,join_count,large,200000,1.0,ok,0.018301963999988402,,[],True,large-dask.json
dask,filtered_cached,join_count,large,200000,2.0,ok,0.01622280000003684,,[],True,large-dask.json
dask,filtered_cached,product_columns,large,200000,0.0,ok,0.00920182200002273,,[],True,large-dask.json
dask,filtered_cached,product_columns,large,200000,1.0,ok,0.010123774000021513,,[],True,large-dask.json
dask,filtered_cached,product_columns,large,200000,2.0,ok,0.009313486999985798,,[],True,large-dask.json
dask,filtered_cached,mean_product,large,200000,0.0,ok,0.013385567000000265,,[],True,large-dask.json
dask,filtered_cached,mean_product,large,200000,1.0,ok,0.013011796000000686,,[],True,large-dask.json
dask,filtered_cached,mean_product,large,200000,2.0,ok,0.016510000000039327,,[],True,large-dask.json
dask,filtered_cached,join,large,200000,0.0,ok,0.013958083000034094,,[],True,large-dask.json
dask,filtered_cached,join,large,200000,1.0,ok,0.015254115999937312,,[],True,large-dask.json
dask,filtered_cached,join,large,200000,2.0,ok,0.014790756000024885,,[],True,large-dask.json
dask,filtered_cached,groupby,large,200000,0.0,ok,0.03505850800002008,,[],True,large-dask.json
dask,filtered_cached,groupby,large,200000,1.0,ok,0.033100877000038054,,[],True,large-dask.json
dask,filtered_cached,groupby,large,200000,2.0,ok,0.034521815000061906,,[],True,large-dask.json
dask,filtered_cached,sum_columns,large,200000,0.0,ok,0.00896126700001787,,[],True,large-dask.json
dask,filtered_cached,sum_columns,large,200000,1.0,ok,0.009126221000087753,,[],True,large-dask.json
dask,filtered_cached,sum_columns,large,200000,2.0,ok,0.008986945999936324,,[],True,large-dask.json
dask,filtered_cached,mean,large,200000,0.0,ok,0.005951115000016216,,[],True,large-dask.json
dask,filtered_cached,mean,large,200000,1.0,ok,0.005640596000034748,,[],True,large-dask.json
dask,filtered_cached,mean,large,200000,2.0,ok,0.006994863999921108,,[],True,large-dask.json
dask,filtered_cached,mean_complex,large,200000,,skipped,,source lacks coordinates,,,large-dask.json
dask,filtered_cached,std,large,200000,0.0,ok,0.00572526000007656,,[],True,large-dask.json
dask,filtered_cached,std,large,200000,1.0,ok,0.006170527999984188,,[],True,large-dask.json
dask,filtered_cached,std,large,200000,2.0,ok,0.006781392999982927,,[],True,large-dask.json
dask,filtered_cached,mean_sum,large,200000,0.0,ok,0.011268158999996558,,[],True,large-dask.json
dask,filtered_cached,mean_sum,large,200000,1.0,ok,0.012787201999913123,,[],True,large-dask.json
dask,filtered_cached,mean_sum,large,200000,2.0,ok,0.014724342000022261,,[],True,large-dask.json
dask,filtered_cached,count,large,200000,0.0,ok,0.0034511359999669367,,[],True,large-dask.json
dask,filtered_cached,count,large,200000,1.0,ok,0.003204411999945478,,[],True,large-dask.json
dask,filtered_cached,count,large,200000,2.0,ok,0.003109492000021419,,[],True,large-dask.json
dask,filtered_cached,count_index,large,200000,0.0,ok,0.0030918960000008155,,[],True,large-dask.json
dask,filtered_cached,count_index,large,200000,1.0,ok,0.0033006140000679807,,[],True,large-dask.json
dask,filtered_cached,count_index,large,200000,2.0,ok,0.004411769000057575,,[],True,large-dask.json
dask,filtered_cached,complex,large,200000,,skipped,,source lacks coordinates,,,large-dask.json
joblib-pandas,standard,sum_columns,large,200000,0.0,ok,0.03818494600000122,,[],True,large-joblib-pandas.json
joblib-pandas,standard,sum_columns,large,200000,1.0,ok,0.024423851999927138,,[],True,large-joblib-pandas.json
joblib-pandas,standard,sum_columns,large,200000,2.0,ok,0.025104571000042597,,[],True,large-joblib-pandas.json
joblib-pandas,standard,product_columns,large,200000,0.0,ok,0.024926808000031997,,[],True,large-joblib-pandas.json
joblib-pandas,standard,product_columns,large,200000,1.0,ok,0.02648767699997734,,[],True,large-joblib-pandas.json
joblib-pandas,standard,product_columns,large,200000,2.0,ok,0.026773603000037838,,[],True,large-joblib-pandas.json
joblib-pandas,standard,std,large,200000,0.0,ok,0.02517729800001689,,[],True,large-joblib-pandas.json
joblib-pandas,standard,std,large,200000,1.0,ok,0.025443326000072375,,[],True,large-joblib-pandas.json
joblib-pandas,standard,std,large,200000,2.0,ok,0.047316664999925706,,[],True,large-joblib-pandas.json
joblib-pandas,standard,mean_sum,large,200000,0.0,ok,0.02524625000000924,,[],True,large-joblib-pandas.json
joblib-pandas,standard,mean_sum,large,200000,1.0,ok,0.024772901999995156,,[],True,large-joblib-pandas.json
joblib-pandas,standard,mean_sum,large,200000,2.0,ok,0.027156168000033176,,[],True,large-joblib-pandas.json
joblib-pandas,standard,join_count,large,200000,0.0,ok,0.026401063999969665,,[],True,large-joblib-pandas.json
joblib-pandas,standard,join_count,large,200000,1.0,ok,0.025557971000012003,,[],True,large-joblib-pandas.json
joblib-pandas,standard,join_count,large,200000,2.0,ok,0.02597956600004636,,[],True,large-joblib-pandas.json
joblib-pandas,standard,value_counts,large,200000,0.0,ok,0.026436541999942165,,[],True,large-joblib-pandas.json
joblib-pandas,standard,value_counts,large,200000,1.0,ok,0.026281036999989738,,[],True,large-joblib-pandas.json
joblib-pandas,standard,value_counts,large,200000,2.0,ok,0.02634446999991269,,[],True,large-joblib-pandas.json
joblib-pandas,standard,complex,large,200000,,skipped,,source lacks coordinates,,,large-joblib-pandas.json
joblib-pandas,standard,mean_product,large,200000,0.0,ok,0.02509000499992453,,[],True,large-joblib-pandas.json
joblib-pandas,standard,mean_product,large,200000,1.0,ok,0.025983096999993904,,[],True,large-joblib-pandas.json
joblib-pandas,standard,mean_product,large,200000,2.0,ok,0.02560690200004956,,[],True,large-joblib-pandas.json
joblib-pandas,standard,read_collect,large,200000,0.0,ok,0.03594240300003548,,[],True,large-joblib-pandas.json
joblib-pandas,standard,read_collect,large,200000,1.0,ok,0.026714381999909165,,[],True,large-joblib-pandas.json
joblib-pandas,standard,read_collect,large,200000,2.0,ok,0.025618163999979515,,[],True,large-joblib-pandas.json
joblib-pandas,standard,count,large,200000,0.0,ok,0.025097185999925387,,[],True,large-joblib-pandas.json
joblib-pandas,standard,count,large,200000,1.0,ok,0.024091165999948316,,[],True,large-joblib-pandas.json
joblib-pandas,standard,count,large,200000,2.0,ok,0.031614819000083116,,[],True,large-joblib-pandas.json
joblib-pandas,standard,groupby,large,200000,0.0,ok,0.033705758999985846,,[],True,large-joblib-pandas.json
joblib-pandas,standard,groupby,large,200000,1.0,ok,0.03465462400004071,,[],True,large-joblib-pandas.json
joblib-pandas,standard,groupby,large,200000,2.0,ok,0.033815030000027946,,[],True,large-joblib-pandas.json
joblib-pandas,standard,join,large,200000,0.0,ok,0.025996101000032468,,[],True,large-joblib-pandas.json
joblib-pandas,standard,join,large,200000,1.0,ok,0.025343474000010247,,[],True,large-joblib-pandas.json
joblib-pandas,standard,join,large,200000,2.0,ok,0.025490090000062082,,[],True,large-joblib-pandas.json
joblib-pandas,standard,mean,large,200000,0.0,ok,0.025423767000006592,,[],True,large-joblib-pandas.json
joblib-pandas,standard,mean,large,200000,1.0,ok,0.02472032399998625,,[],True,large-joblib-pandas.json
joblib-pandas,standard,mean,large,200000,2.0,ok,0.024837997999952677,,[],True,large-joblib-pandas.json
joblib-pandas,standard,mean_complex,large,200000,,skipped,,source lacks coordinates,,,large-joblib-pandas.json
joblib-pandas,standard,read_construct,large,200000,0.0,ok,0.025217612999995254,,[],False,large-joblib-pandas.json
joblib-pandas,standard,read_construct,large,200000,1.0,ok,0.024596520999921268,,[],False,large-joblib-pandas.json
joblib-pandas,standard,read_construct,large,200000,2.0,ok,0.024944524000034107,,[],False,large-joblib-pandas.json
joblib-pandas,standard,count_index,large,200000,0.0,ok,0.024573142000008374,,[],True,large-joblib-pandas.json
joblib-pandas,standard,count_index,large,200000,1.0,ok,0.023746778000031554,,[],True,large-joblib-pandas.json
joblib-pandas,standard,count_index,large,200000,2.0,ok,0.024628544999927726,,[],True,large-joblib-pandas.json
joblib-pandas,filtered,value_counts,large,200000,0.0,ok,0.02937352699996154,,[],True,large-joblib-pandas.json
joblib-pandas,filtered,value_counts,large,200000,1.0,ok,0.027543239000010544,,[],True,large-joblib-pandas.json
joblib-pandas,filtered,value_counts,large,200000,2.0,ok,0.027188413999965633,,[],True,large-joblib-pandas.json
joblib-pandas,filtered,join_count,large,200000,0.0,ok,0.02686019599991596,,[],True,large-joblib-pandas.json
joblib-pandas,filtered,join_count,large,200000,1.0,ok,0.028354870999919513,,[],True,large-joblib-pandas.json
joblib-pandas,filtered,join_count,large,200000,2.0,ok,0.0275408500000367,,[],True,large-joblib-pandas.json
joblib-pandas,filtered,product_columns,large,200000,0.0,ok,0.02813823600001797,,[],True,large-joblib-pandas.json
joblib-pandas,filtered,product_columns,large,200000,1.0,ok,0.026347109999960594,,[],True,large-joblib-pandas.json
joblib-pandas,filtered,product_columns,large,200000,2.0,ok,0.026539812999999413,,[],True,large-joblib-pandas.json
joblib-pandas,filtered,mean_product,large,200000,0.0,ok,0.02764335500000925,,[],True,large-joblib-pandas.json
joblib-pandas,filtered,mean_product,large,200000,1.0,ok,0.027233711999997468,,[],True,large-joblib-pandas.json
joblib-pandas,filtered,mean_product,large,200000,2.0,ok,0.029059444999916195,,[],True,large-joblib-pandas.json
joblib-pandas,filtered,join,large,200000,0.0,ok,0.03262499100003424,,[],True,large-joblib-pandas.json
joblib-pandas,filtered,join,large,200000,1.0,ok,0.027759396999954333,,[],True,large-joblib-pandas.json
joblib-pandas,filtered,join,large,200000,2.0,ok,0.040412167999988924,,[],True,large-joblib-pandas.json
joblib-pandas,filtered,groupby,large,200000,0.0,ok,0.031395877000022665,,[],True,large-joblib-pandas.json
joblib-pandas,filtered,groupby,large,200000,1.0,ok,0.03414582299990343,,[],True,large-joblib-pandas.json
joblib-pandas,filtered,groupby,large,200000,2.0,ok,0.036297804000014366,,[],True,large-joblib-pandas.json
joblib-pandas,filtered,sum_columns,large,200000,0.0,ok,0.02693013400005384,,[],True,large-joblib-pandas.json
joblib-pandas,filtered,sum_columns,large,200000,1.0,ok,0.027489539000043806,,[],True,large-joblib-pandas.json
joblib-pandas,filtered,sum_columns,large,200000,2.0,ok,0.02751757099997576,,[],True,large-joblib-pandas.json
joblib-pandas,filtered,mean,large,200000,0.0,ok,0.026376893000019663,,[],True,large-joblib-pandas.json
joblib-pandas,filtered,mean,large,200000,1.0,ok,0.02693225699999857,,[],True,large-joblib-pandas.json
joblib-pandas,filtered,mean,large,200000,2.0,ok,0.027350729000090723,,[],True,large-joblib-pandas.json
joblib-pandas,filtered,mean_complex,large,200000,,skipped,,source lacks coordinates,,,large-joblib-pandas.json
joblib-pandas,filtered,std,large,200000,0.0,ok,0.027809141000034288,,[],True,large-joblib-pandas.json
joblib-pandas,filtered,std,large,200000,1.0,ok,0.027951817000030132,,[],True,large-joblib-pandas.json
joblib-pandas,filtered,std,large,200000,2.0,ok,0.028733743999964645,,[],True,large-joblib-pandas.json
joblib-pandas,filtered,mean_sum,large,200000,0.0,ok,0.029054554000026656,,[],True,large-joblib-pandas.json
joblib-pandas,filtered,mean_sum,large,200000,1.0,ok,0.027067752999982986,,[],True,large-joblib-pandas.json
joblib-pandas,filtered,mean_sum,large,200000,2.0,ok,0.027165852000052837,,[],True,large-joblib-pandas.json
joblib-pandas,filtered,count,large,200000,0.0,ok,0.026727800999992724,,[],True,large-joblib-pandas.json
joblib-pandas,filtered,count,large,200000,1.0,ok,0.02721047299996826,,[],True,large-joblib-pandas.json
joblib-pandas,filtered,count,large,200000,2.0,ok,0.05322038400004203,,[],True,large-joblib-pandas.json
joblib-pandas,filtered,count_index,large,200000,0.0,ok,0.02686326100001679,,[],True,large-joblib-pandas.json
joblib-pandas,filtered,count_index,large,200000,1.0,ok,0.027241008000032707,,[],True,large-joblib-pandas.json
joblib-pandas,filtered,count_index,large,200000,2.0,ok,0.027209860999960256,,[],True,large-joblib-pandas.json
joblib-pandas,filtered,complex,large,200000,,skipped,,source lacks coordinates,,,large-joblib-pandas.json
joblib-pandas,filtered_cached,value_counts,large,200000,0.0,ok,0.0010297489999402387,,[],True,large-joblib-pandas.json
joblib-pandas,filtered_cached,value_counts,large,200000,1.0,ok,0.0011243079999303518,,[],True,large-joblib-pandas.json
joblib-pandas,filtered_cached,value_counts,large,200000,2.0,ok,0.001343462000022555,,[],True,large-joblib-pandas.json
joblib-pandas,filtered_cached,join_count,large,200000,0.0,ok,0.0014431790000344336,,[],True,large-joblib-pandas.json
joblib-pandas,filtered_cached,join_count,large,200000,1.0,ok,0.0014567489999990357,,[],True,large-joblib-pandas.json
joblib-pandas,filtered_cached,join_count,large,200000,2.0,ok,0.0013436029998956656,,[],True,large-joblib-pandas.json
joblib-pandas,filtered_cached,product_columns,large,200000,0.0,ok,0.0013224010000385533,,[],True,large-joblib-pandas.json
joblib-pandas,filtered_cached,product_columns,large,200000,1.0,ok,0.0004714450000165016,,[],True,large-joblib-pandas.json
joblib-pandas,filtered_cached,product_columns,large,200000,2.0,ok,0.00032784400002583425,,[],True,large-joblib-pandas.json
joblib-pandas,filtered_cached,mean_product,large,200000,0.0,ok,0.0005057260000285169,,[],True,large-joblib-pandas.json
joblib-pandas,filtered_cached,mean_product,large,200000,1.0,ok,0.0005031919999964884,,[],True,large-joblib-pandas.json
joblib-pandas,filtered_cached,mean_product,large,200000,2.0,ok,0.0004506349999928716,,[],True,large-joblib-pandas.json
joblib-pandas,filtered_cached,join,large,200000,0.0,ok,0.0012242160000823787,,[],True,large-joblib-pandas.json
joblib-pandas,filtered_cached,join,large,200000,1.0,ok,0.0016109769999275159,,[],True,large-joblib-pandas.json
joblib-pandas,filtered_cached,join,large,200000,2.0,ok,0.0016143020000072283,,[],True,large-joblib-pandas.json
joblib-pandas,filtered_cached,groupby,large,200000,0.0,ok,0.005669163999982629,,[],True,large-joblib-pandas.json
joblib-pandas,filtered_cached,groupby,large,200000,1.0,ok,0.005398214000024382,,[],True,large-joblib-pandas.json
joblib-pandas,filtered_cached,groupby,large,200000,2.0,ok,0.005436310000050071,,[],True,large-joblib-pandas.json
joblib-pandas,filtered_cached,sum_columns,large,200000,0.0,ok,0.0003454899999724148,,[],True,large-joblib-pandas.json
joblib-pandas,filtered_cached,sum_columns,large,200000,1.0,ok,0.00028552099990974966,,[],True,large-joblib-pandas.json
joblib-pandas,filtered_cached,sum_columns,large,200000,2.0,ok,0.0003608619999795337,,[],True,large-joblib-pandas.json
joblib-pandas,filtered_cached,mean,large,200000,0.0,ok,0.0002480260000083945,,[],True,large-joblib-pandas.json
joblib-pandas,filtered_cached,mean,large,200000,1.0,ok,0.00025762999996459257,,[],True,large-joblib-pandas.json
joblib-pandas,filtered_cached,mean,large,200000,2.0,ok,0.0002690069999289335,,[],True,large-joblib-pandas.json
joblib-pandas,filtered_cached,mean_complex,large,200000,,skipped,,source lacks coordinates,,,large-joblib-pandas.json
joblib-pandas,filtered_cached,std,large,200000,0.0,ok,0.0005490000000918371,,[],True,large-joblib-pandas.json
joblib-pandas,filtered_cached,std,large,200000,1.0,ok,0.0005605669999795282,,[],True,large-joblib-pandas.json
joblib-pandas,filtered_cached,std,large,200000,2.0,ok,0.0013658249999934924,,[],True,large-joblib-pandas.json
joblib-pandas,filtered_cached,mean_sum,large,200000,0.0,ok,0.0004450159999578318,,[],True,large-joblib-pandas.json
joblib-pandas,filtered_cached,mean_sum,large,200000,1.0,ok,0.0004463680000981185,,[],True,large-joblib-pandas.json
joblib-pandas,filtered_cached,mean_sum,large,200000,2.0,ok,0.000436063000051945,,[],True,large-joblib-pandas.json
joblib-pandas,filtered_cached,count,large,200000,0.0,ok,8.632999993096746e-06,,[],True,large-joblib-pandas.json
joblib-pandas,filtered_cached,count,large,200000,1.0,ok,9.524000006422284e-06,,[],True,large-joblib-pandas.json
joblib-pandas,filtered_cached,count,large,200000,2.0,ok,9.253000030184921e-06,,[],True,large-joblib-pandas.json
joblib-pandas,filtered_cached,count_index,large,200000,0.0,ok,9.874999932435458e-06,,[],True,large-joblib-pandas.json
joblib-pandas,filtered_cached,count_index,large,200000,1.0,ok,9.714999919196998e-06,,[],True,large-joblib-pandas.json
joblib-pandas,filtered_cached,count_index,large,200000,2.0,ok,1.0175000056733552e-05,,[],True,large-joblib-pandas.json
joblib-pandas,filtered_cached,complex,large,200000,,skipped,,source lacks coordinates,,,large-joblib-pandas.json
pandas,standard,sum_columns,large,200000,0.0,ok,0.039602792999971825,,[],True,large-pandas.json
pandas,standard,sum_columns,large,200000,1.0,ok,0.019178093999926205,,[],True,large-pandas.json
pandas,standard,sum_columns,large,200000,2.0,ok,0.0268503460000602,,[],True,large-pandas.json
pandas,standard,product_columns,large,200000,0.0,ok,0.01372200100001919,,[],True,large-pandas.json
pandas,standard,product_columns,large,200000,1.0,ok,0.01828663499998129,,[],True,large-pandas.json
pandas,standard,product_columns,large,200000,2.0,ok,0.0266623330001039,,[],True,large-pandas.json
pandas,standard,std,large,200000,0.0,ok,0.0064832829999659225,,[],True,large-pandas.json
pandas,standard,std,large,200000,1.0,ok,0.006569670999965638,,[],True,large-pandas.json
pandas,standard,std,large,200000,2.0,ok,0.007568453999965641,,[],True,large-pandas.json
pandas,standard,mean_sum,large,200000,0.0,ok,0.007416390000003048,,[],True,large-pandas.json
pandas,standard,mean_sum,large,200000,1.0,ok,0.020853766999948675,,[],True,large-pandas.json
pandas,standard,mean_sum,large,200000,2.0,ok,0.01295820799998637,,[],True,large-pandas.json
pandas,standard,join_count,large,200000,0.0,ok,0.013137523999944278,,[],True,large-pandas.json
pandas,standard,join_count,large,200000,1.0,ok,0.00808892600002764,,[],True,large-pandas.json
pandas,standard,join_count,large,200000,2.0,ok,0.012868763000028594,,[],True,large-pandas.json
pandas,standard,value_counts,large,200000,0.0,ok,0.008292822999919736,,[],True,large-pandas.json
pandas,standard,value_counts,large,200000,1.0,ok,0.008767758999965736,,[],True,large-pandas.json
pandas,standard,value_counts,large,200000,2.0,ok,0.021346187000062855,,[],True,large-pandas.json
pandas,standard,complex,large,200000,,skipped,,source lacks coordinates,,,large-pandas.json
pandas,standard,mean_product,large,200000,0.0,ok,0.007019002999982149,,[],True,large-pandas.json
pandas,standard,mean_product,large,200000,1.0,ok,0.0072432340000432305,,[],True,large-pandas.json
pandas,standard,mean_product,large,200000,2.0,ok,0.013036579000072379,,[],True,large-pandas.json
pandas,standard,read_collect,large,200000,0.0,ok,0.007168544000023758,,[],True,large-pandas.json
pandas,standard,read_collect,large,200000,1.0,ok,0.008114199000033295,,[],True,large-pandas.json
pandas,standard,read_collect,large,200000,2.0,ok,0.007236083999941911,,[],True,large-pandas.json
pandas,standard,count,large,200000,0.0,ok,0.006685911999966265,,[],True,large-pandas.json
pandas,standard,count,large,200000,1.0,ok,0.011790296000071976,,[],True,large-pandas.json
pandas,standard,count,large,200000,2.0,ok,0.012148289000037948,,[],True,large-pandas.json
pandas,standard,groupby,large,200000,0.0,ok,0.026837386000011065,,[],True,large-pandas.json
pandas,standard,groupby,large,200000,1.0,ok,0.014399519999983568,,[],True,large-pandas.json
pandas,standard,groupby,large,200000,2.0,ok,0.015825693000010688,,[],True,large-pandas.json
pandas,standard,join,large,200000,0.0,ok,0.008713402000012138,,[],True,large-pandas.json
pandas,standard,join,large,200000,1.0,ok,0.00925009399998089,,[],True,large-pandas.json
pandas,standard,join,large,200000,2.0,ok,0.008180726999967192,,[],True,large-pandas.json
pandas,standard,mean,large,200000,0.0,ok,0.007458145999976296,,[],True,large-pandas.json
pandas,standard,mean,large,200000,1.0,ok,0.010077960999979041,,[],True,large-pandas.json
pandas,standard,mean,large,200000,2.0,ok,0.014966085999958523,,[],True,large-pandas.json
pandas,standard,mean_complex,large,200000,,skipped,,source lacks coordinates,,,large-pandas.json
pandas,standard,read_construct,large,200000,0.0,ok,0.0069505970000136585,,[],False,large-pandas.json
pandas,standard,read_construct,large,200000,1.0,ok,0.006968849000031696,,[],False,large-pandas.json
pandas,standard,read_construct,large,200000,2.0,ok,0.007171787999936896,,[],False,large-pandas.json
pandas,standard,count_index,large,200000,0.0,ok,0.008025342999985696,,[],True,large-pandas.json
pandas,standard,count_index,large,200000,1.0,ok,0.009840288999953373,,[],True,large-pandas.json
pandas,standard,count_index,large,200000,2.0,ok,0.006595532999995157,,[],True,large-pandas.json
pandas,filtered,value_counts,large,200000,0.0,ok,0.01060753100000511,,[],True,large-pandas.json
pandas,filtered,value_counts,large,200000,1.0,ok,0.009238366999966274,,[],True,large-pandas.json
pandas,filtered,value_counts,large,200000,2.0,ok,0.009071972000015194,,[],True,large-pandas.json
pandas,filtered,join_count,large,200000,0.0,ok,0.010226089000070715,,[],True,large-pandas.json
pandas,filtered,join_count,large,200000,1.0,ok,0.010044891000006828,,[],True,large-pandas.json
pandas,filtered,join_count,large,200000,2.0,ok,0.01048574699996152,,[],True,large-pandas.json
pandas,filtered,product_columns,large,200000,0.0,ok,0.009673307999946701,,[],True,large-pandas.json
pandas,filtered,product_columns,large,200000,1.0,ok,0.01149924200001351,,[],True,large-pandas.json
pandas,filtered,product_columns,large,200000,2.0,ok,0.00966450500004612,,[],True,large-pandas.json
pandas,filtered,mean_product,large,200000,0.0,ok,0.01231920700001865,,[],True,large-pandas.json
pandas,filtered,mean_product,large,200000,1.0,ok,0.01018957999997383,,[],True,large-pandas.json
pandas,filtered,mean_product,large,200000,2.0,ok,0.01098064699999668,,[],True,large-pandas.json
pandas,filtered,join,large,200000,0.0,ok,0.016436538999982986,,[],True,large-pandas.json
pandas,filtered,join,large,200000,1.0,ok,0.014276568000013867,,[],True,large-pandas.json
pandas,filtered,join,large,200000,2.0,ok,0.010741825000081917,,[],True,large-pandas.json
pandas,filtered,groupby,large,200000,0.0,ok,0.02173858499998005,,[],True,large-pandas.json
pandas,filtered,groupby,large,200000,1.0,ok,0.01872565099995427,,[],True,large-pandas.json
pandas,filtered,groupby,large,200000,2.0,ok,0.017788182999993296,,[],True,large-pandas.json
pandas,filtered,sum_columns,large,200000,0.0,ok,0.01549126999998407,,[],True,large-pandas.json
pandas,filtered,sum_columns,large,200000,1.0,ok,0.009866273000056935,,[],True,large-pandas.json
pandas,filtered,sum_columns,large,200000,2.0,ok,0.010765379999952529,,[],True,large-pandas.json
pandas,filtered,mean,large,200000,0.0,ok,0.009728369999947972,,[],True,large-pandas.json
pandas,filtered,mean,large,200000,1.0,ok,0.013327043000003869,,[],True,large-pandas.json
pandas,filtered,mean,large,200000,2.0,ok,0.008904424000093059,,[],True,large-pandas.json
pandas,filtered,mean_complex,large,200000,,skipped,,source lacks coordinates,,,large-pandas.json
pandas,filtered,std,large,200000,0.0,ok,0.01638100200000281,,[],True,large-pandas.json
pandas,filtered,std,large,200000,1.0,ok,0.012248777999957383,,[],True,large-pandas.json
pandas,filtered,std,large,200000,2.0,ok,0.009633420000000115,,[],True,large-pandas.json
pandas,filtered,mean_sum,large,200000,0.0,ok,0.01062810200005515,,[],True,large-pandas.json
pandas,filtered,mean_sum,large,200000,1.0,ok,0.010598598999990827,,[],True,large-pandas.json
pandas,filtered,mean_sum,large,200000,2.0,ok,0.009391061999963313,,[],True,large-pandas.json
pandas,filtered,count,large,200000,0.0,ok,0.009817841999961274,,[],True,large-pandas.json
pandas,filtered,count,large,200000,1.0,ok,0.008997210999950767,,[],True,large-pandas.json
pandas,filtered,count,large,200000,2.0,ok,0.009134123000080763,,[],True,large-pandas.json
pandas,filtered,count_index,large,200000,0.0,ok,0.010970646000032502,,[],True,large-pandas.json
pandas,filtered,count_index,large,200000,1.0,ok,0.009221461000038289,,[],True,large-pandas.json
pandas,filtered,count_index,large,200000,2.0,ok,0.008965104000026258,,[],True,large-pandas.json
pandas,filtered,complex,large,200000,,skipped,,source lacks coordinates,,,large-pandas.json
pandas,filtered_cached,value_counts,large,200000,0.0,ok,0.0011863800000355695,,[],True,large-pandas.json
pandas,filtered_cached,value_counts,large,200000,1.0,ok,0.0009446429999115935,,[],True,large-pandas.json
pandas,filtered_cached,value_counts,large,200000,2.0,ok,0.0009269470000390356,,[],True,large-pandas.json
pandas,filtered_cached,join_count,large,200000,0.0,ok,0.0009565509999447386,,[],True,large-pandas.json
pandas,filtered_cached,join_count,large,200000,1.0,ok,0.0008915449999449265,,[],True,large-pandas.json
pandas,filtered_cached,join_count,large,200000,2.0,ok,0.0009200270000064847,,[],True,large-pandas.json
pandas,filtered_cached,product_columns,large,200000,0.0,ok,0.00024179599995477474,,[],True,large-pandas.json
pandas,filtered_cached,product_columns,large,200000,1.0,ok,0.0002466339999500633,,[],True,large-pandas.json
pandas,filtered_cached,product_columns,large,200000,2.0,ok,0.00022572299997136724,,[],True,large-pandas.json
pandas,filtered_cached,mean_product,large,200000,0.0,ok,0.00043047499991644145,,[],True,large-pandas.json
pandas,filtered_cached,mean_product,large,200000,1.0,ok,0.0003936299999622861,,[],True,large-pandas.json
pandas,filtered_cached,mean_product,large,200000,2.0,ok,0.00038292499993985984,,[],True,large-pandas.json
pandas,filtered_cached,join,large,200000,0.0,ok,0.0013519639999231003,,[],True,large-pandas.json
pandas,filtered_cached,join,large,200000,1.0,ok,0.001056087999927513,,[],True,large-pandas.json
pandas,filtered_cached,join,large,200000,2.0,ok,0.0011965850000024147,,[],True,large-pandas.json
pandas,filtered_cached,groupby,large,200000,0.0,ok,0.00446615800001382,,[],True,large-pandas.json
pandas,filtered_cached,groupby,large,200000,1.0,ok,0.004658081000002312,,[],True,large-pandas.json
pandas,filtered_cached,groupby,large,200000,2.0,ok,0.004304007999962778,,[],True,large-pandas.json
pandas,filtered_cached,sum_columns,large,200000,0.0,ok,0.0002387130000442994,,[],True,large-pandas.json
pandas,filtered_cached,sum_columns,large,200000,1.0,ok,0.00026508099995226075,,[],True,large-pandas.json
pandas,filtered_cached,sum_columns,large,200000,2.0,ok,0.00022099600005276443,,[],True,large-pandas.json
pandas,filtered_cached,mean,large,200000,0.0,ok,0.0002431780000051731,,[],True,large-pandas.json
pandas,filtered_cached,mean,large,200000,1.0,ok,0.0001954580000074202,,[],True,large-pandas.json
pandas,filtered_cached,mean,large,200000,2.0,ok,0.00021830200000749755,,[],True,large-pandas.json
pandas,filtered_cached,mean_complex,large,200000,,skipped,,source lacks coordinates,,,large-pandas.json
pandas,filtered_cached,std,large,200000,0.0,ok,0.0005106329999762238,,[],True,large-pandas.json
pandas,filtered_cached,std,large,200000,1.0,ok,0.0005476579999594833,,[],True,large-pandas.json
pandas,filtered_cached,std,large,200000,2.0,ok,0.0005295309999837627,,[],True,large-pandas.json
pandas,filtered_cached,mean_sum,large,200000,0.0,ok,0.00035598499994193844,,[],True,large-pandas.json
pandas,filtered_cached,mean_sum,large,200000,1.0,ok,0.00033435299997108814,,[],True,large-pandas.json
pandas,filtered_cached,mean_sum,large,200000,2.0,ok,0.0003294050000022253,,[],True,large-pandas.json
pandas,filtered_cached,count,large,200000,0.0,ok,6.59900001664937e-06,,[],True,large-pandas.json
pandas,filtered_cached,count,large,200000,1.0,ok,4.888000034952711e-06,,[],True,large-pandas.json
pandas,filtered_cached,count,large,200000,2.0,ok,6.149000000732485e-06,,[],True,large-pandas.json
pandas,filtered_cached,count_index,large,200000,0.0,ok,9.0739999905054e-06,,[],True,large-pandas.json
pandas,filtered_cached,count_index,large,200000,1.0,ok,6.5089999452538905e-06,,[],True,large-pandas.json
pandas,filtered_cached,count_index,large,200000,2.0,ok,6.5000000404324965e-06,,[],True,large-pandas.json
pandas,filtered_cached,complex,large,200000,,skipped,,source lacks coordinates,,,large-pandas.json
dask,standard,sum_columns,medium,50000,0.0,ok,0.013558661000047323,,[],True,medium-dask.json
dask,standard,sum_columns,medium,50000,1.0,ok,0.011721668999939538,,[],True,medium-dask.json
dask,standard,sum_columns,medium,50000,2.0,ok,0.013519392000034713,,[],True,medium-dask.json
dask,standard,product_columns,medium,50000,0.0,ok,0.01247204599997076,,[],True,medium-dask.json
dask,standard,product_columns,medium,50000,1.0,ok,0.013231908000079784,,[],True,medium-dask.json
dask,standard,product_columns,medium,50000,2.0,ok,0.01160917199990763,,[],True,medium-dask.json
dask,standard,std,medium,50000,0.0,ok,0.012836844999924324,,[],True,medium-dask.json
dask,standard,std,medium,50000,1.0,ok,0.013238569000009193,,[],True,medium-dask.json
dask,standard,std,medium,50000,2.0,ok,0.015073596999968686,,[],True,medium-dask.json
dask,standard,mean_sum,medium,50000,0.0,ok,0.015181095999992067,,[],True,medium-dask.json
dask,standard,mean_sum,medium,50000,1.0,ok,0.015384606999987227,,[],True,medium-dask.json
dask,standard,mean_sum,medium,50000,2.0,ok,0.015457223999987946,,[],True,medium-dask.json
dask,standard,join_count,medium,50000,0.0,ok,0.02127737800003615,,[],True,medium-dask.json
dask,standard,join_count,medium,50000,1.0,ok,0.02067583999996714,,[],True,medium-dask.json
dask,standard,join_count,medium,50000,2.0,ok,0.019246158999976615,,[],True,medium-dask.json
dask,standard,value_counts,medium,50000,0.0,ok,0.019207492000077764,,[],True,medium-dask.json
dask,standard,value_counts,medium,50000,1.0,ok,0.02028738700005306,,[],True,medium-dask.json
dask,standard,value_counts,medium,50000,2.0,ok,0.021307011999965653,,[],True,medium-dask.json
dask,standard,complex,medium,50000,,skipped,,source lacks coordinates,,,medium-dask.json
dask,standard,mean_product,medium,50000,0.0,ok,0.015216958999985764,,[],True,medium-dask.json
dask,standard,mean_product,medium,50000,1.0,ok,0.014453501999923901,,[],True,medium-dask.json
dask,standard,mean_product,medium,50000,2.0,ok,0.014751511999975264,,[],True,medium-dask.json
dask,standard,read_collect,medium,50000,0.0,ok,0.012027880000005098,,[],True,medium-dask.json
dask,standard,read_collect,medium,50000,1.0,ok,0.013062497999953848,,[],True,medium-dask.json
dask,standard,read_collect,medium,50000,2.0,ok,0.011908408999943276,,[],True,medium-dask.json
dask,standard,count,medium,50000,0.0,ok,0.005769408999981351,,[],True,medium-dask.json
dask,standard,count,medium,50000,1.0,ok,0.006112014999985149,,[],True,medium-dask.json
dask,standard,count,medium,50000,2.0,ok,0.0052922849999959,,[],True,medium-dask.json
dask,standard,groupby,medium,50000,0.0,ok,0.03381233799996153,,[],True,medium-dask.json
dask,standard,groupby,medium,50000,1.0,ok,0.03406860500001585,,[],True,medium-dask.json
dask,standard,groupby,medium,50000,2.0,ok,0.04147508200003358,,[],True,medium-dask.json
dask,standard,join,medium,50000,0.0,ok,0.01831034700001055,,[],True,medium-dask.json
dask,standard,join,medium,50000,1.0,ok,0.016052643999955762,,[],True,medium-dask.json
dask,standard,join,medium,50000,2.0,ok,0.01897527899996021,,[],True,medium-dask.json
dask,standard,mean,medium,50000,0.0,ok,0.013892854000005173,,[],True,medium-dask.json
dask,standard,mean,medium,50000,1.0,ok,0.015137111000058212,,[],True,medium-dask.json
dask,standard,mean,medium,50000,2.0,ok,0.013507324999977754,,[],True,medium-dask.json
dask,standard,mean_complex,medium,50000,,skipped,,source lacks coordinates,,,medium-dask.json
dask,standard,read_construct,medium,50000,0.0,ok,0.003749867000010454,,[],False,medium-dask.json
dask,standard,read_construct,medium,50000,1.0,ok,0.0038057799999933195,,[],False,medium-dask.json
dask,standard,read_construct,medium,50000,2.0,ok,0.004072704000009253,,[],False,medium-dask.json
dask,standard,count_index,medium,50000,0.0,ok,0.01354972700005419,,[],True,medium-dask.json
dask,standard,count_index,medium,50000,1.0,ok,0.012721223999960785,,[],True,medium-dask.json
dask,standard,count_index,medium,50000,2.0,ok,0.010878713000010976,,[],True,medium-dask.json
dask,filtered,value_counts,medium,50000,0.0,ok,0.02105455899993558,,[],True,medium-dask.json
dask,filtered,value_counts,medium,50000,1.0,ok,0.02292560199998661,,[],True,medium-dask.json
dask,filtered,value_counts,medium,50000,2.0,ok,0.026393381999923804,,[],True,medium-dask.json
dask,filtered,join_count,medium,50000,0.0,ok,0.02547338299996227,,[],True,medium-dask.json
dask,filtered,join_count,medium,50000,1.0,ok,0.03157779700006813,,[],True,medium-dask.json
dask,filtered,join_count,medium,50000,2.0,ok,0.03238359199997376,,[],True,medium-dask.json
dask,filtered,product_columns,medium,50000,0.0,ok,0.018474039000011544,,[],True,medium-dask.json
dask,filtered,product_columns,medium,50000,1.0,ok,0.019588439000017388,,[],True,medium-dask.json
dask,filtered,product_columns,medium,50000,2.0,ok,0.01775909799994224,,[],True,medium-dask.json
dask,filtered,mean_product,medium,50000,0.0,ok,0.021886697000013555,,[],True,medium-dask.json
dask,filtered,mean_product,medium,50000,1.0,ok,0.03280179399996541,,[],True,medium-dask.json
dask,filtered,mean_product,medium,50000,2.0,ok,0.023370698000007906,,[],True,medium-dask.json
dask,filtered,join,medium,50000,0.0,ok,0.02187024299996665,,[],True,medium-dask.json
dask,filtered,join,medium,50000,1.0,ok,0.021642823000092903,,[],True,medium-dask.json
dask,filtered,join,medium,50000,2.0,ok,0.022632128000054763,,[],True,medium-dask.json
dask,filtered,groupby,medium,50000,0.0,ok,0.05884859599996162,,[],True,medium-dask.json
dask,filtered,groupby,medium,50000,1.0,ok,0.04369761300006303,,[],True,medium-dask.json
dask,filtered,groupby,medium,50000,2.0,ok,0.03955630799998744,,[],True,medium-dask.json
dask,filtered,sum_columns,medium,50000,0.0,ok,0.016341850000003433,,[],True,medium-dask.json
dask,filtered,sum_columns,medium,50000,1.0,ok,0.016825315000005503,,[],True,medium-dask.json
dask,filtered,sum_columns,medium,50000,2.0,ok,0.016365745000030074,,[],True,medium-dask.json
dask,filtered,mean,medium,50000,0.0,ok,0.02815097699999569,,[],True,medium-dask.json
dask,filtered,mean,medium,50000,1.0,ok,0.018397101000005023,,[],True,medium-dask.json
dask,filtered,mean,medium,50000,2.0,ok,0.018656988999964597,,[],True,medium-dask.json
dask,filtered,mean_complex,medium,50000,,skipped,,source lacks coordinates,,,medium-dask.json
dask,filtered,std,medium,50000,0.0,ok,0.023730309000029592,,[],True,medium-dask.json
dask,filtered,std,medium,50000,1.0,ok,0.017090335999910167,,[],True,medium-dask.json
dask,filtered,std,medium,50000,2.0,ok,0.021819303000029322,,[],True,medium-dask.json
dask,filtered,mean_sum,medium,50000,0.0,ok,0.01853599999992639,,[],True,medium-dask.json
dask,filtered,mean_sum,medium,50000,1.0,ok,0.02271093399997426,,[],True,medium-dask.json
dask,filtered,mean_sum,medium,50000,2.0,ok,0.02073200799998176,,[],True,medium-dask.json
dask,filtered,count,medium,50000,0.0,ok,0.016364292999924146,,[],True,medium-dask.json
dask,filtered,count,medium,50000,1.0,ok,0.017247176999944713,,[],True,medium-dask.json
dask,filtered,count,medium,50000,2.0,ok,0.023369011999989198,,[],True,medium-dask.json
dask,filtered,count_index,medium,50000,0.0,ok,0.016734279000047536,,[],True,medium-dask.json
dask,filtered,count_index,medium,50000,1.0,ok,0.0169697169999381,,[],True,medium-dask.json
dask,filtered,count_index,medium,50000,2.0,ok,0.017493139999942287,,[],True,medium-dask.json
dask,filtered,complex,medium,50000,,skipped,,source lacks coordinates,,,medium-dask.json
dask,filtered_cached,value_counts,medium,50000,0.0,ok,0.015785233999963566,,[],True,medium-dask.json
dask,filtered_cached,value_counts,medium,50000,1.0,ok,0.01523442499990324,,[],True,medium-dask.json
dask,filtered_cached,value_counts,medium,50000,2.0,ok,0.014086710000015046,,[],True,medium-dask.json
dask,filtered_cached,join_count,medium,50000,0.0,ok,0.011169062000021768,,[],True,medium-dask.json
dask,filtered_cached,join_count,medium,50000,1.0,ok,0.01406821199998376,,[],True,medium-dask.json
dask,filtered_cached,join_count,medium,50000,2.0,ok,0.01594187000000602,,[],True,medium-dask.json
dask,filtered_cached,product_columns,medium,50000,0.0,ok,0.004160298000101648,,[],True,medium-dask.json
dask,filtered_cached,product_columns,medium,50000,1.0,ok,0.004479524000089441,,[],True,medium-dask.json
dask,filtered_cached,product_columns,medium,50000,2.0,ok,0.004115516999945612,,[],True,medium-dask.json
dask,filtered_cached,mean_product,medium,50000,0.0,ok,0.006132315000058952,,[],True,medium-dask.json
dask,filtered_cached,mean_product,medium,50000,1.0,ok,0.007317264999983308,,[],True,medium-dask.json
dask,filtered_cached,mean_product,medium,50000,2.0,ok,0.007736338000086107,,[],True,medium-dask.json
dask,filtered_cached,join,medium,50000,0.0,ok,0.008055594999973437,,[],True,medium-dask.json
dask,filtered_cached,join,medium,50000,1.0,ok,0.008589512999947146,,[],True,medium-dask.json
dask,filtered_cached,join,medium,50000,2.0,ok,0.008533671000009235,,[],True,medium-dask.json
dask,filtered_cached,groupby,medium,50000,0.0,ok,0.02313660200002232,,[],True,medium-dask.json
dask,filtered_cached,groupby,medium,50000,1.0,ok,0.024902741000005335,,[],True,medium-dask.json
dask,filtered_cached,groupby,medium,50000,2.0,ok,0.02606682999999066,,[],True,medium-dask.json
dask,filtered_cached,sum_columns,medium,50000,0.0,ok,0.004637636999973438,,[],True,medium-dask.json
dask,filtered_cached,sum_columns,medium,50000,1.0,ok,0.004024361999995563,,[],True,medium-dask.json
dask,filtered_cached,sum_columns,medium,50000,2.0,ok,0.00430180199998631,,[],True,medium-dask.json
dask,filtered_cached,mean,medium,50000,0.0,ok,0.00518656799999917,,[],True,medium-dask.json
dask,filtered_cached,mean,medium,50000,1.0,ok,0.004466445000048225,,[],True,medium-dask.json
dask,filtered_cached,mean,medium,50000,2.0,ok,0.004439886000000115,,[],True,medium-dask.json
dask,filtered_cached,mean_complex,medium,50000,,skipped,,source lacks coordinates,,,medium-dask.json
dask,filtered_cached,std,medium,50000,0.0,ok,0.003622528999926544,,[],True,medium-dask.json
dask,filtered_cached,std,medium,50000,1.0,ok,0.004639580999992177,,[],True,medium-dask.json
dask,filtered_cached,std,medium,50000,2.0,ok,0.0042452779999848644,,[],True,medium-dask.json
dask,filtered_cached,mean_sum,medium,50000,0.0,ok,0.006751608999934433,,[],True,medium-dask.json
dask,filtered_cached,mean_sum,medium,50000,1.0,ok,0.00780786900008934,,[],True,medium-dask.json
dask,filtered_cached,mean_sum,medium,50000,2.0,ok,0.008290580999982922,,[],True,medium-dask.json
dask,filtered_cached,count,medium,50000,0.0,ok,0.0030921459999717626,,[],True,medium-dask.json
dask,filtered_cached,count,medium,50000,1.0,ok,0.0030034540000087873,,[],True,medium-dask.json
dask,filtered_cached,count,medium,50000,2.0,ok,0.00329969299991717,,[],True,medium-dask.json
dask,filtered_cached,count_index,medium,50000,0.0,ok,0.002868225000042912,,[],True,medium-dask.json
dask,filtered_cached,count_index,medium,50000,1.0,ok,0.0021758430000318185,,[],True,medium-dask.json
dask,filtered_cached,count_index,medium,50000,2.0,ok,0.006475281000007271,,[],True,medium-dask.json
dask,filtered_cached,complex,medium,50000,,skipped,,source lacks coordinates,,,medium-dask.json
joblib-pandas,standard,sum_columns,medium,50000,0.0,ok,0.014947478999943087,,[],True,medium-joblib-pandas.json
joblib-pandas,standard,sum_columns,medium,50000,1.0,ok,0.014041914000017641,,[],True,medium-joblib-pandas.json
joblib-pandas,standard,sum_columns,medium,50000,2.0,ok,0.013601863999952002,,[],True,medium-joblib-pandas.json
joblib-pandas,standard,product_columns,medium,50000,0.0,ok,0.013335666999978457,,[],True,medium-joblib-pandas.json
joblib-pandas,standard,product_columns,medium,50000,1.0,ok,0.013181569000039417,,[],True,medium-joblib-pandas.json
joblib-pandas,standard,product_columns,medium,50000,2.0,ok,0.014431584000021758,,[],True,medium-joblib-pandas.json
joblib-pandas,standard,std,medium,50000,0.0,ok,0.013963486999955421,,[],True,medium-joblib-pandas.json
joblib-pandas,standard,std,medium,50000,1.0,ok,0.014072559000055662,,[],True,medium-joblib-pandas.json
joblib-pandas,standard,std,medium,50000,2.0,ok,0.013760688000047594,,[],True,medium-joblib-pandas.json
joblib-pandas,standard,mean_sum,medium,50000,0.0,ok,0.013852734000010969,,[],True,medium-joblib-pandas.json
joblib-pandas,standard,mean_sum,medium,50000,1.0,ok,0.013992640999958894,,[],True,medium-joblib-pandas.json
joblib-pandas,standard,mean_sum,medium,50000,2.0,ok,0.013569826999969337,,[],True,medium-joblib-pandas.json
joblib-pandas,standard,join_count,medium,50000,0.0,ok,0.015082247999998799,,[],True,medium-joblib-pandas.json
joblib-pandas,standard,join_count,medium,50000,1.0,ok,0.015187823000019307,,[],True,medium-joblib-pandas.json
joblib-pandas,standard,join_count,medium,50000,2.0,ok,0.014650411000047825,,[],True,medium-joblib-pandas.json
joblib-pandas,standard,value_counts,medium,50000,0.0,ok,0.014243261000046914,,[],True,medium-joblib-pandas.json
joblib-pandas,standard,value_counts,medium,50000,1.0,ok,0.014123092999966502,,[],True,medium-joblib-pandas.json
joblib-pandas,standard,value_counts,medium,50000,2.0,ok,0.013580031999936182,,[],True,medium-joblib-pandas.json
joblib-pandas,standard,complex,medium,50000,,skipped,,source lacks coordinates,,,medium-joblib-pandas.json
joblib-pandas,standard,mean_product,medium,50000,0.0,ok,0.013792926000064654,,[],True,medium-joblib-pandas.json
joblib-pandas,standard,mean_product,medium,50000,1.0,ok,0.01508309400003327,,[],True,medium-joblib-pandas.json
joblib-pandas,standard,mean_product,medium,50000,2.0,ok,0.014145857000016804,,[],True,medium-joblib-pandas.json
joblib-pandas,standard,read_collect,medium,50000,0.0,ok,0.013762801999973817,,[],True,medium-joblib-pandas.json
joblib-pandas,standard,read_collect,medium,50000,1.0,ok,0.013144699000008586,,[],True,medium-joblib-pandas.json
joblib-pandas,standard,read_collect,medium,50000,2.0,ok,0.013461337000080675,,[],True,medium-joblib-pandas.json
joblib-pandas,standard,count,medium,50000,0.0,ok,0.013353714000004402,,[],True,medium-joblib-pandas.json
joblib-pandas,standard,count,medium,50000,1.0,ok,0.01348557799997252,,[],True,medium-joblib-pandas.json
joblib-pandas,standard,count,medium,50000,2.0,ok,0.013432298999987324,,[],True,medium-joblib-pandas.json
joblib-pandas,standard,groupby,medium,50000,0.0,ok,0.016770011999938106,,[],True,medium-joblib-pandas.json
joblib-pandas,standard,groupby,medium,50000,1.0,ok,0.020037728000033894,,[],True,medium-joblib-pandas.json
joblib-pandas,standard,groupby,medium,50000,2.0,ok,0.016882323000004362,,[],True,medium-joblib-pandas.json
joblib-pandas,standard,join,medium,50000,0.0,ok,0.01537037799994323,,[],True,medium-joblib-pandas.json
joblib-pandas,standard,join,medium,50000,1.0,ok,0.036816578000070876,,[],True,medium-joblib-pandas.json
joblib-pandas,standard,join,medium,50000,2.0,ok,0.014575831000001926,,[],True,medium-joblib-pandas.json
joblib-pandas,standard,mean,medium,50000,0.0,ok,0.015557865000005222,,[],True,medium-joblib-pandas.json
joblib-pandas,standard,mean,medium,50000,1.0,ok,0.014303730000051473,,[],True,medium-joblib-pandas.json
joblib-pandas,standard,mean,medium,50000,2.0,ok,0.01382680500000788,,[],True,medium-joblib-pandas.json
joblib-pandas,standard,mean_complex,medium,50000,,skipped,,source lacks coordinates,,,medium-joblib-pandas.json
joblib-pandas,standard,read_construct,medium,50000,0.0,ok,0.013603766999949585,,[],False,medium-joblib-pandas.json
joblib-pandas,standard,read_construct,medium,50000,1.0,ok,0.013149801999929878,,[],False,medium-joblib-pandas.json
joblib-pandas,standard,read_construct,medium,50000,2.0,ok,0.013581365000050027,,[],False,medium-joblib-pandas.json
joblib-pandas,standard,count_index,medium,50000,0.0,ok,0.015433875999974589,,[],True,medium-joblib-pandas.json
joblib-pandas,standard,count_index,medium,50000,1.0,ok,0.014627646999997523,,[],True,medium-joblib-pandas.json
joblib-pandas,standard,count_index,medium,50000,2.0,ok,0.013785194999968553,,[],True,medium-joblib-pandas.json
joblib-pandas,filtered,value_counts,medium,50000,0.0,ok,0.015573688000017682,,[],True,medium-joblib-pandas.json
joblib-pandas,filtered,value_counts,medium,50000,1.0,ok,0.015358746999936557,,[],True,medium-joblib-pandas.json
joblib-pandas,filtered,value_counts,medium,50000,2.0,ok,0.04365127500000199,,[],True,medium-joblib-pandas.json
joblib-pandas,filtered,join_count,medium,50000,0.0,ok,0.015500574999919081,,[],True,medium-joblib-pandas.json
joblib-pandas,filtered,join_count,medium,50000,1.0,ok,0.014355656000020645,,[],True,medium-joblib-pandas.json
joblib-pandas,filtered,join_count,medium,50000,2.0,ok,0.014804669000000104,,[],True,medium-joblib-pandas.json
joblib-pandas,filtered,product_columns,medium,50000,0.0,ok,0.013659219000032863,,[],True,medium-joblib-pandas.json
joblib-pandas,filtered,product_columns,medium,50000,1.0,ok,0.014017827999964538,,[],True,medium-joblib-pandas.json
joblib-pandas,filtered,product_columns,medium,50000,2.0,ok,0.014093614000103116,,[],True,medium-joblib-pandas.json
joblib-pandas,filtered,mean_product,medium,50000,0.0,ok,0.015957775000060792,,[],True,medium-joblib-pandas.json
joblib-pandas,filtered,mean_product,medium,50000,1.0,ok,0.014507385000001705,,[],True,medium-joblib-pandas.json
joblib-pandas,filtered,mean_product,medium,50000,2.0,ok,0.013864502000046741,,[],True,medium-joblib-pandas.json
joblib-pandas,filtered,join,medium,50000,0.0,ok,0.015223826999999801,,[],True,medium-joblib-pandas.json
joblib-pandas,filtered,join,medium,50000,1.0,ok,0.014645284000039283,,[],True,medium-joblib-pandas.json
joblib-pandas,filtered,join,medium,50000,2.0,ok,0.015217192000022806,,[],True,medium-joblib-pandas.json
joblib-pandas,filtered,groupby,medium,50000,0.0,ok,0.018514850999963528,,[],True,medium-joblib-pandas.json
joblib-pandas,filtered,groupby,medium,50000,1.0,ok,0.015657031000046118,,[],True,medium-joblib-pandas.json
joblib-pandas,filtered,groupby,medium,50000,2.0,ok,0.016015058999983012,,[],True,medium-joblib-pandas.json
joblib-pandas,filtered,sum_columns,medium,50000,0.0,ok,0.01414404399997693,,[],True,medium-joblib-pandas.json
joblib-pandas,filtered,sum_columns,medium,50000,1.0,ok,0.013599290999991354,,[],True,medium-joblib-pandas.json
joblib-pandas,filtered,sum_columns,medium,50000,2.0,ok,0.014392035000014403,,[],True,medium-joblib-pandas.json
joblib-pandas,filtered,mean,medium,50000,0.0,ok,0.013971870000091258,,[],True,medium-joblib-pandas.json
joblib-pandas,filtered,mean,medium,50000,1.0,ok,0.016067200999941633,,[],True,medium-joblib-pandas.json
joblib-pandas,filtered,mean,medium,50000,2.0,ok,0.014427517000058288,,[],True,medium-joblib-pandas.json
joblib-pandas,filtered,mean_complex,medium,50000,,skipped,,source lacks coordinates,,,medium-joblib-pandas.json
joblib-pandas,filtered,std,medium,50000,0.0,ok,0.0147039500000119,,[],True,medium-joblib-pandas.json
joblib-pandas,filtered,std,medium,50000,1.0,ok,0.01730038499999864,,[],True,medium-joblib-pandas.json
joblib-pandas,filtered,std,medium,50000,2.0,ok,0.019312352999918403,,[],True,medium-joblib-pandas.json
joblib-pandas,filtered,mean_sum,medium,50000,0.0,ok,0.014370998000003965,,[],True,medium-joblib-pandas.json
joblib-pandas,filtered,mean_sum,medium,50000,1.0,ok,0.0183141649999925,,[],True,medium-joblib-pandas.json
joblib-pandas,filtered,mean_sum,medium,50000,2.0,ok,0.014322947999971802,,[],True,medium-joblib-pandas.json
joblib-pandas,filtered,count,medium,50000,0.0,ok,0.013839315000041097,,[],True,medium-joblib-pandas.json
joblib-pandas,filtered,count,medium,50000,1.0,ok,0.014863935999983369,,[],True,medium-joblib-pandas.json
joblib-pandas,filtered,count,medium,50000,2.0,ok,0.01618171000006896,,[],True,medium-joblib-pandas.json
joblib-pandas,filtered,count_index,medium,50000,0.0,ok,0.015307751000023018,,[],True,medium-joblib-pandas.json
joblib-pandas,filtered,count_index,medium,50000,1.0,ok,0.015474271000016415,,[],True,medium-joblib-pandas.json
joblib-pandas,filtered,count_index,medium,50000,2.0,ok,0.015329286999985925,,[],True,medium-joblib-pandas.json
joblib-pandas,filtered,complex,medium,50000,,skipped,,source lacks coordinates,,,medium-joblib-pandas.json
joblib-pandas,filtered_cached,value_counts,medium,50000,0.0,ok,0.0006123430000570806,,[],True,medium-joblib-pandas.json
joblib-pandas,filtered_cached,value_counts,medium,50000,1.0,ok,0.0005689889999302977,,[],True,medium-joblib-pandas.json
joblib-pandas,filtered_cached,value_counts,medium,50000,2.0,ok,0.0005896700000675992,,[],True,medium-joblib-pandas.json
joblib-pandas,filtered_cached,join_count,medium,50000,0.0,ok,0.0011033970000653426,,[],True,medium-joblib-pandas.json
joblib-pandas,filtered_cached,join_count,medium,50000,1.0,ok,0.0011260009999887188,,[],True,medium-joblib-pandas.json
joblib-pandas,filtered_cached,join_count,medium,50000,2.0,ok,0.001196815000071183,,[],True,medium-joblib-pandas.json
joblib-pandas,filtered_cached,product_columns,medium,50000,0.0,ok,0.0002944950000483004,,[],True,medium-joblib-pandas.json
joblib-pandas,filtered_cached,product_columns,medium,50000,1.0,ok,0.00026816599995527213,,[],True,medium-joblib-pandas.json
joblib-pandas,filtered_cached,product_columns,medium,50000,2.0,ok,0.00024699400000827154,,[],True,medium-joblib-pandas.json
joblib-pandas,filtered_cached,mean_product,medium,50000,0.0,ok,0.0003329709999206898,,[],True,medium-joblib-pandas.json
joblib-pandas,filtered_cached,mean_product,medium,50000,1.0,ok,0.00035169899990705744,,[],True,medium-joblib-pandas.json
joblib-pandas,filtered_cached,mean_product,medium,50000,2.0,ok,0.0004648750000342261,,[],True,medium-joblib-pandas.json
joblib-pandas,filtered_cached,join,medium,50000,0.0,ok,0.000992313000097056,,[],True,medium-joblib-pandas.json
joblib-pandas,filtered_cached,join,medium,50000,1.0,ok,0.001183435000029931,,[],True,medium-joblib-pandas.json
joblib-pandas,filtered_cached,join,medium,50000,2.0,ok,0.0014499979999982315,,[],True,medium-joblib-pandas.json
joblib-pandas,filtered_cached,groupby,medium,50000,0.0,ok,0.002357727999992676,,[],True,medium-joblib-pandas.json
joblib-pandas,filtered_cached,groupby,medium,50000,1.0,ok,0.002278369999999086,,[],True,medium-joblib-pandas.json
joblib-pandas,filtered_cached,groupby,medium,50000,2.0,ok,0.0026717319999534084,,[],True,medium-joblib-pandas.json
joblib-pandas,filtered_cached,sum_columns,medium,50000,0.0,ok,0.00024143600001025334,,[],True,medium-joblib-pandas.json
joblib-pandas,filtered_cached,sum_columns,medium,50000,1.0,ok,0.00025061999997433304,,[],True,medium-joblib-pandas.json
joblib-pandas,filtered_cached,sum_columns,medium,50000,2.0,ok,0.00023626899996997963,,[],True,medium-joblib-pandas.json
joblib-pandas,filtered_cached,mean,medium,50000,0.0,ok,0.00018363999993198377,,[],True,medium-joblib-pandas.json
joblib-pandas,filtered_cached,mean,medium,50000,1.0,ok,0.000204312000050777,,[],True,medium-joblib-pandas.json
joblib-pandas,filtered_cached,mean,medium,50000,2.0,ok,0.00017823300004238263,,[],True,medium-joblib-pandas.json
joblib-pandas,filtered_cached,mean_complex,medium,50000,,skipped,,source lacks coordinates,,,medium-joblib-pandas.json
joblib-pandas,filtered_cached,std,medium,50000,0.0,ok,0.000328595000041787,,[],True,medium-joblib-pandas.json
joblib-pandas,filtered_cached,std,medium,50000,1.0,ok,0.0002999829999907888,,[],True,medium-joblib-pandas.json
joblib-pandas,filtered_cached,std,medium,50000,2.0,ok,0.00038230399991334707,,[],True,medium-joblib-pandas.json
joblib-pandas,filtered_cached,mean_sum,medium,50000,0.0,ok,0.00036986500003877154,,[],True,medium-joblib-pandas.json
joblib-pandas,filtered_cached,mean_sum,medium,50000,1.0,ok,0.0003434860000197659,,[],True,medium-joblib-pandas.json
joblib-pandas,filtered_cached,mean_sum,medium,50000,2.0,ok,0.00032770400002846145,,[],True,medium-joblib-pandas.json
joblib-pandas,filtered_cached,count,medium,50000,0.0,ok,1.312900008088036e-05,,[],True,medium-joblib-pandas.json
joblib-pandas,filtered_cached,count,medium,50000,1.0,ok,4.090999993877631e-05,,[],True,medium-joblib-pandas.json
joblib-pandas,filtered_cached,count,medium,50000,2.0,ok,1.2178000019957835e-05,,[],True,medium-joblib-pandas.json
joblib-pandas,filtered_cached,count_index,medium,50000,0.0,ok,1.2437999998837768e-05,,[],True,medium-joblib-pandas.json
joblib-pandas,filtered_cached,count_index,medium,50000,1.0,ok,1.4521999901262461e-05,,[],True,medium-joblib-pandas.json
joblib-pandas,filtered_cached,count_index,medium,50000,2.0,ok,1.2668999943343806e-05,,[],True,medium-joblib-pandas.json
joblib-pandas,filtered_cached,complex,medium,50000,,skipped,,source lacks coordinates,,,medium-joblib-pandas.json
pandas,standard,sum_columns,medium,50000,0.0,ok,0.005042809999963538,,[],True,medium-pandas.json
pandas,standard,sum_columns,medium,50000,1.0,ok,0.0047510590000001685,,[],True,medium-pandas.json
pandas,standard,sum_columns,medium,50000,2.0,ok,0.00447582300000704,,[],True,medium-pandas.json
pandas,standard,product_columns,medium,50000,0.0,ok,0.005022128999939923,,[],True,medium-pandas.json
pandas,standard,product_columns,medium,50000,1.0,ok,0.004354934000048161,,[],True,medium-pandas.json
pandas,standard,product_columns,medium,50000,2.0,ok,0.004397367000024133,,[],True,medium-pandas.json
pandas,standard,std,medium,50000,0.0,ok,0.011858174000053623,,[],True,medium-pandas.json
pandas,standard,std,medium,50000,1.0,ok,0.0048265300000593925,,[],True,medium-pandas.json
pandas,standard,std,medium,50000,2.0,ok,0.005677876000049764,,[],True,medium-pandas.json
pandas,standard,mean_sum,medium,50000,0.0,ok,0.006831142000010004,,[],True,medium-pandas.json
pandas,standard,mean_sum,medium,50000,1.0,ok,0.012509669999985817,,[],True,medium-pandas.json
pandas,standard,mean_sum,medium,50000,2.0,ok,0.004814672999941649,,[],True,medium-pandas.json
pandas,standard,join_count,medium,50000,0.0,ok,0.006117590000030759,,[],True,medium-pandas.json
pandas,standard,join_count,medium,50000,1.0,ok,0.008962742999983675,,[],True,medium-pandas.json
pandas,standard,join_count,medium,50000,2.0,ok,0.006610131999991609,,[],True,medium-pandas.json
pandas,standard,value_counts,medium,50000,0.0,ok,0.0053591870000673225,,[],True,medium-pandas.json
pandas,standard,value_counts,medium,50000,1.0,ok,0.00929154200002813,,[],True,medium-pandas.json
pandas,standard,value_counts,medium,50000,2.0,ok,0.005302263000089624,,[],True,medium-pandas.json
pandas,standard,complex,medium,50000,,skipped,,source lacks coordinates,,,medium-pandas.json
pandas,standard,mean_product,medium,50000,0.0,ok,0.00425089600003048,,[],True,medium-pandas.json
pandas,standard,mean_product,medium,50000,1.0,ok,0.004888456999992741,,[],True,medium-pandas.json
pandas,standard,mean_product,medium,50000,2.0,ok,0.004672534000064843,,[],True,medium-pandas.json
pandas,standard,read_collect,medium,50000,0.0,ok,0.004281475999960094,,[],True,medium-pandas.json
pandas,standard,read_collect,medium,50000,1.0,ok,0.009340758000007554,,[],True,medium-pandas.json
pandas,standard,read_collect,medium,50000,2.0,ok,0.004438245999949686,,[],True,medium-pandas.json
pandas,standard,count,medium,50000,0.0,ok,0.004169249999904423,,[],True,medium-pandas.json
pandas,standard,count,medium,50000,1.0,ok,0.0040961319999723855,,[],True,medium-pandas.json
pandas,standard,count,medium,50000,2.0,ok,0.00449574100002792,,[],True,medium-pandas.json
pandas,standard,groupby,medium,50000,0.0,ok,0.007145991000015783,,[],True,medium-pandas.json
pandas,standard,groupby,medium,50000,1.0,ok,0.007427615999972659,,[],True,medium-pandas.json
pandas,standard,groupby,medium,50000,2.0,ok,0.007451091999996606,,[],True,medium-pandas.json
pandas,standard,join,medium,50000,0.0,ok,0.004846999000051255,,[],True,medium-pandas.json
pandas,standard,join,medium,50000,1.0,ok,0.005234341000004861,,[],True,medium-pandas.json
pandas,standard,join,medium,50000,2.0,ok,0.006570887999941988,,[],True,medium-pandas.json
pandas,standard,mean,medium,50000,0.0,ok,0.0038755369999989853,,[],True,medium-pandas.json
pandas,standard,mean,medium,50000,1.0,ok,0.004358048000085546,,[],True,medium-pandas.json
pandas,standard,mean,medium,50000,2.0,ok,0.0040585670000155005,,[],True,medium-pandas.json
pandas,standard,mean_complex,medium,50000,,skipped,,source lacks coordinates,,,medium-pandas.json
pandas,standard,read_construct,medium,50000,0.0,ok,0.004882753000060802,,[],False,medium-pandas.json
pandas,standard,read_construct,medium,50000,1.0,ok,0.004510944000003292,,[],False,medium-pandas.json
pandas,standard,read_construct,medium,50000,2.0,ok,0.004452597999943464,,[],False,medium-pandas.json
pandas,standard,count_index,medium,50000,0.0,ok,0.004310458000077233,,[],True,medium-pandas.json
pandas,standard,count_index,medium,50000,1.0,ok,0.004187938000086433,,[],True,medium-pandas.json
pandas,standard,count_index,medium,50000,2.0,ok,0.004160772999966866,,[],True,medium-pandas.json
pandas,filtered,value_counts,medium,50000,0.0,ok,0.005878542000004927,,[],True,medium-pandas.json
pandas,filtered,value_counts,medium,50000,1.0,ok,0.008079126999973596,,[],True,medium-pandas.json
pandas,filtered,value_counts,medium,50000,2.0,ok,0.006680834999997387,,[],True,medium-pandas.json
pandas,filtered,join_count,medium,50000,0.0,ok,0.007494925999935731,,[],True,medium-pandas.json
pandas,filtered,join_count,medium,50000,1.0,ok,0.009440250000011474,,[],True,medium-pandas.json
pandas,filtered,join_count,medium,50000,2.0,ok,0.008957692999956635,,[],True,medium-pandas.json
pandas,filtered,product_columns,medium,50000,0.0,ok,0.006712471000014375,,[],True,medium-pandas.json
pandas,filtered,product_columns,medium,50000,1.0,ok,0.007282292000013513,,[],True,medium-pandas.json
pandas,filtered,product_columns,medium,50000,2.0,ok,0.005090398999982426,,[],True,medium-pandas.json
pandas,filtered,mean_product,medium,50000,0.0,ok,0.005834856999967997,,[],True,medium-pandas.json
pandas,filtered,mean_product,medium,50000,1.0,ok,0.0053078500000083295,,[],True,medium-pandas.json
pandas,filtered,mean_product,medium,50000,2.0,ok,0.013156195999954434,,[],True,medium-pandas.json
pandas,filtered,join,medium,50000,0.0,ok,0.006280184000047484,,[],True,medium-pandas.json
pandas,filtered,join,medium,50000,1.0,ok,0.005857960999946954,,[],True,medium-pandas.json
pandas,filtered,join,medium,50000,2.0,ok,0.013277711000000636,,[],True,medium-pandas.json
pandas,filtered,groupby,medium,50000,0.0,ok,0.007088326000030065,,[],True,medium-pandas.json
pandas,filtered,groupby,medium,50000,1.0,ok,0.008068711999953848,,[],True,medium-pandas.json
pandas,filtered,groupby,medium,50000,2.0,ok,0.007243425000069692,,[],True,medium-pandas.json
pandas,filtered,sum_columns,medium,50000,0.0,ok,0.005011021999962395,,[],True,medium-pandas.json
pandas,filtered,sum_columns,medium,50000,1.0,ok,0.006161318999943433,,[],True,medium-pandas.json
pandas,filtered,sum_columns,medium,50000,2.0,ok,0.005002919999924416,,[],True,medium-pandas.json
pandas,filtered,mean,medium,50000,0.0,ok,0.005217291000008117,,[],True,medium-pandas.json
pandas,filtered,mean,medium,50000,1.0,ok,0.005989075000002231,,[],True,medium-pandas.json
pandas,filtered,mean,medium,50000,2.0,ok,0.004825047000053928,,[],True,medium-pandas.json
pandas,filtered,mean_complex,medium,50000,,skipped,,source lacks coordinates,,,medium-pandas.json
pandas,filtered,std,medium,50000,0.0,ok,0.00700889899997037,,[],True,medium-pandas.json
pandas,filtered,std,medium,50000,1.0,ok,0.0056201400000190915,,[],True,medium-pandas.json
pandas,filtered,std,medium,50000,2.0,ok,0.00576005699997495,,[],True,medium-pandas.json
pandas,filtered,mean_sum,medium,50000,0.0,ok,0.00481511300006332,,[],True,medium-pandas.json
pandas,filtered,mean_sum,medium,50000,1.0,ok,0.005147512999997161,,[],True,medium-pandas.json
pandas,filtered,mean_sum,medium,50000,2.0,ok,0.005786015000012412,,[],True,medium-pandas.json
pandas,filtered,count,medium,50000,0.0,ok,0.005168875000094886,,[],True,medium-pandas.json
pandas,filtered,count,medium,50000,1.0,ok,0.005076938999991398,,[],True,medium-pandas.json
pandas,filtered,count,medium,50000,2.0,ok,0.00539464799999223,,[],True,medium-pandas.json
pandas,filtered,count_index,medium,50000,0.0,ok,0.004936993000001166,,[],True,medium-pandas.json
pandas,filtered,count_index,medium,50000,1.0,ok,0.005292487000019719,,[],True,medium-pandas.json
pandas,filtered,count_index,medium,50000,2.0,ok,0.006508691000021827,,[],True,medium-pandas.json
pandas,filtered,complex,medium,50000,,skipped,,source lacks coordinates,,,medium-pandas.json
pandas,filtered_cached,value_counts,medium,50000,0.0,ok,0.0006045919999451144,,[],True,medium-pandas.json
pandas,filtered_cached,value_counts,medium,50000,1.0,ok,0.0005446740000252248,,[],True,medium-pandas.json
pandas,filtered_cached,value_counts,medium,50000,2.0,ok,0.0008303649999561458,,[],True,medium-pandas.json
pandas,filtered_cached,join_count,medium,50000,0.0,ok,0.0009578829999554728,,[],True,medium-pandas.json
pandas,filtered_cached,join_count,medium,50000,1.0,ok,0.001090689000079692,,[],True,medium-pandas.json
pandas,filtered_cached,join_count,medium,50000,2.0,ok,0.0013855840001042452,,[],True,medium-pandas.json
pandas,filtered_cached,product_columns,medium,50000,0.0,ok,0.00029251099999783037,,[],True,medium-pandas.json
pandas,filtered_cached,product_columns,medium,50000,1.0,ok,0.00023959300006026751,,[],True,medium-pandas.json
pandas,filtered_cached,product_columns,medium,50000,2.0,ok,0.0002806339999779084,,[],True,medium-pandas.json
pandas,filtered_cached,mean_product,medium,50000,0.0,ok,0.00042800099993201,,[],True,medium-pandas.json
pandas,filtered_cached,mean_product,medium,50000,1.0,ok,0.0003329310000026453,,[],True,medium-pandas.json
pandas,filtered_cached,mean_product,medium,50000,2.0,ok,0.00039013599996451376,,[],True,medium-pandas.json
pandas,filtered_cached,join,medium,50000,0.0,ok,0.0015995890000795043,,[],True,medium-pandas.json
pandas,filtered_cached,join,medium,50000,1.0,ok,0.0016885409999076728,,[],True,medium-pandas.json
pandas,filtered_cached,join,medium,50000,2.0,ok,0.0026938639999798397,,[],True,medium-pandas.json
pandas,filtered_cached,groupby,medium,50000,0.0,ok,0.002447640000013962,,[],True,medium-pandas.json
pandas,filtered_cached,groupby,medium,50000,1.0,ok,0.0024270600000591003,,[],True,medium-pandas.json
pandas,filtered_cached,groupby,medium,50000,2.0,ok,0.002263789000039651,,[],True,medium-pandas.json
pandas,filtered_cached,sum_columns,medium,50000,0.0,ok,0.0002484659999026917,,[],True,medium-pandas.json
pandas,filtered_cached,sum_columns,medium,50000,1.0,ok,0.00025775999995403254,,[],True,medium-pandas.json
pandas,filtered_cached,sum_columns,medium,50000,2.0,ok,0.00022445100000823004,,[],True,medium-pandas.json
pandas,filtered_cached,mean,medium,50000,0.0,ok,0.00021523700002035184,,[],True,medium-pandas.json
pandas,filtered_cached,mean,medium,50000,1.0,ok,0.0002085080000142625,,[],True,medium-pandas.json
pandas,filtered_cached,mean,medium,50000,2.0,ok,0.00019785199992838898,,[],True,medium-pandas.json
pandas,filtered_cached,mean_complex,medium,50000,,skipped,,source lacks coordinates,,,medium-pandas.json
pandas,filtered_cached,std,medium,50000,0.0,ok,0.00035279099995477736,,[],True,medium-pandas.json
pandas,filtered_cached,std,medium,50000,1.0,ok,0.00034800299999915296,,[],True,medium-pandas.json
pandas,filtered_cached,std,medium,50000,2.0,ok,0.00030146500000682863,,[],True,medium-pandas.json
pandas,filtered_cached,mean_sum,medium,50000,0.0,ok,0.0003372979999767267,,[],True,medium-pandas.json
pandas,filtered_cached,mean_sum,medium,50000,1.0,ok,0.0004804090000334327,,[],True,medium-pandas.json
pandas,filtered_cached,mean_sum,medium,50000,2.0,ok,0.0004676500000186934,,[],True,medium-pandas.json
pandas,filtered_cached,count,medium,50000,0.0,ok,1.155699999344506e-05,,[],True,medium-pandas.json
pandas,filtered_cached,count,medium,50000,1.0,ok,1.1185999937879387e-05,,[],True,medium-pandas.json
pandas,filtered_cached,count,medium,50000,2.0,ok,1.121599996167788e-05,,[],True,medium-pandas.json
pandas,filtered_cached,count_index,medium,50000,0.0,ok,1.1297000014565128e-05,,[],True,medium-pandas.json
pandas,filtered_cached,count_index,medium,50000,1.0,ok,1.1846999996123486e-05,,[],True,medium-pandas.json
pandas,filtered_cached,count_index,medium,50000,2.0,ok,1.6134000020429085e-05,,[],True,medium-pandas.json
pandas,filtered_cached,complex,medium,50000,,skipped,,source lacks coordinates,,,medium-pandas.json
dask,standard,sum_columns,small,10000,0.0,ok,0.00877030799995282,,[],True,small-dask.json
dask,standard,sum_columns,small,10000,1.0,ok,0.00889442200002577,,[],True,small-dask.json
dask,standard,sum_columns,small,10000,2.0,ok,0.008698624000089694,,[],True,small-dask.json
dask,standard,product_columns,small,10000,0.0,ok,0.008323058999962996,,[],True,small-dask.json
dask,standard,product_columns,small,10000,1.0,ok,0.009977079000009326,,[],True,small-dask.json
dask,standard,product_columns,small,10000,2.0,ok,0.011740271000007851,,[],True,small-dask.json
dask,standard,std,small,10000,0.0,ok,0.010321837999981653,,[],True,small-dask.json
dask,standard,std,small,10000,1.0,ok,0.01155665900000713,,[],True,small-dask.json
dask,standard,std,small,10000,2.0,ok,0.011173353999993196,,[],True,small-dask.json
dask,standard,mean_sum,small,10000,0.0,ok,0.011898323999957938,,[],True,small-dask.json
dask,standard,mean_sum,small,10000,1.0,ok,0.011021289000041179,,[],True,small-dask.json
dask,standard,mean_sum,small,10000,2.0,ok,0.010229822999917815,,[],True,small-dask.json
dask,standard,join_count,small,10000,0.0,ok,0.022605250000083288,,[],True,small-dask.json
dask,standard,join_count,small,10000,1.0,ok,0.018049939000093218,,[],True,small-dask.json
dask,standard,join_count,small,10000,2.0,ok,0.020972151000023587,,[],True,small-dask.json
dask,standard,value_counts,small,10000,0.0,ok,0.017043175000026167,,[],True,small-dask.json
dask,standard,value_counts,small,10000,1.0,ok,0.015473758999974052,,[],True,small-dask.json
dask,standard,value_counts,small,10000,2.0,ok,0.016928474000110327,,[],True,small-dask.json
dask,standard,complex,small,10000,,skipped,,source lacks coordinates,,,small-dask.json
dask,standard,mean_product,small,10000,0.0,ok,0.010960250000039196,,[],True,small-dask.json
dask,standard,mean_product,small,10000,1.0,ok,0.012501783999937288,,[],True,small-dask.json
dask,standard,mean_product,small,10000,2.0,ok,0.012359765000041989,,[],True,small-dask.json
dask,standard,read_collect,small,10000,0.0,ok,0.013488779999988765,,[],True,small-dask.json
dask,standard,read_collect,small,10000,1.0,ok,0.008665134000011676,,[],True,small-dask.json
dask,standard,read_collect,small,10000,2.0,ok,0.010780664999970213,,[],True,small-dask.json
dask,standard,count,small,10000,0.0,ok,0.007052865999980895,,[],True,small-dask.json
dask,standard,count,small,10000,1.0,ok,0.006399912000006225,,[],True,small-dask.json
dask,standard,count,small,10000,2.0,ok,0.005327018999992106,,[],True,small-dask.json
dask,standard,groupby,small,10000,0.0,ok,0.031001916999912282,,[],True,small-dask.json
dask,standard,groupby,small,10000,1.0,ok,0.03133773399997608,,[],True,small-dask.json
dask,standard,groupby,small,10000,2.0,ok,0.030423093999957018,,[],True,small-dask.json
dask,standard,join,small,10000,0.0,ok,0.012827555000058055,,[],True,small-dask.json
dask,standard,join,small,10000,1.0,ok,0.012898408999944877,,[],True,small-dask.json
dask,standard,join,small,10000,2.0,ok,0.01220961800004261,,[],True,small-dask.json
dask,standard,mean,small,10000,0.0,ok,0.01022530500006269,,[],True,small-dask.json
dask,standard,mean,small,10000,1.0,ok,0.009759518000009848,,[],True,small-dask.json
dask,standard,mean,small,10000,2.0,ok,0.011349413999937497,,[],True,small-dask.json
dask,standard,mean_complex,small,10000,,skipped,,source lacks coordinates,,,small-dask.json
dask,standard,read_construct,small,10000,0.0,ok,0.004163342999959241,,[],False,small-dask.json
dask,standard,read_construct,small,10000,1.0,ok,0.004243831000053433,,[],False,small-dask.json
dask,standard,read_construct,small,10000,2.0,ok,0.003970917999936319,,[],False,small-dask.json
dask,standard,count_index,small,10000,0.0,ok,0.008481663999987177,,[],True,small-dask.json
dask,standard,count_index,small,10000,1.0,ok,0.007938851000062641,,[],True,small-dask.json
dask,standard,count_index,small,10000,2.0,ok,0.011611732999995183,,[],True,small-dask.json
dask,filtered,value_counts,small,10000,0.0,ok,0.021421765000013693,,[],True,small-dask.json
dask,filtered,value_counts,small,10000,1.0,ok,0.019114820000027066,,[],True,small-dask.json
dask,filtered,value_counts,small,10000,2.0,ok,0.018978608999987046,,[],True,small-dask.json
dask,filtered,join_count,small,10000,0.0,ok,0.021422586999960913,,[],True,small-dask.json
dask,filtered,join_count,small,10000,1.0,ok,0.022121519000052103,,[],True,small-dask.json
dask,filtered,join_count,small,10000,2.0,ok,0.019418728000005103,,[],True,small-dask.json
dask,filtered,product_columns,small,10000,0.0,ok,0.01225187799991545,,[],True,small-dask.json
dask,filtered,product_columns,small,10000,1.0,ok,0.011509490999969785,,[],True,small-dask.json
dask,filtered,product_columns,small,10000,2.0,ok,0.011920469000074263,,[],True,small-dask.json
dask,filtered,mean_product,small,10000,0.0,ok,0.01439383000001726,,[],True,small-dask.json
dask,filtered,mean_product,small,10000,1.0,ok,0.016062543999964873,,[],True,small-dask.json
dask,filtered,mean_product,small,10000,2.0,ok,0.014226833000066108,,[],True,small-dask.json
dask,filtered,join,small,10000,0.0,ok,0.01481624300004114,,[],True,small-dask.json
dask,filtered,join,small,10000,1.0,ok,0.014882141000043703,,[],True,small-dask.json
dask,filtered,join,small,10000,2.0,ok,0.01547461600000588,,[],True,small-dask.json
dask,filtered,groupby,small,10000,0.0,ok,0.0320822239999643,,[],True,small-dask.json
dask,filtered,groupby,small,10000,1.0,ok,0.03260128099998383,,[],True,small-dask.json
dask,filtered,groupby,small,10000,2.0,ok,0.039965926000036234,,[],True,small-dask.json
dask,filtered,sum_columns,small,10000,0.0,ok,0.012207321999994747,,[],True,small-dask.json
dask,filtered,sum_columns,small,10000,1.0,ok,0.013241377999975157,,[],True,small-dask.json
dask,filtered,sum_columns,small,10000,2.0,ok,0.012608715000055781,,[],True,small-dask.json
dask,filtered,mean,small,10000,0.0,ok,0.01438364500006628,,[],True,small-dask.json
dask,filtered,mean,small,10000,1.0,ok,0.012976918000049409,,[],True,small-dask.json
dask,filtered,mean,small,10000,2.0,ok,0.015766486999950757,,[],True,small-dask.json
dask,filtered,mean_complex,small,10000,,skipped,,source lacks coordinates,,,small-dask.json
dask,filtered,std,small,10000,0.0,ok,0.014869451999970806,,[],True,small-dask.json
dask,filtered,std,small,10000,1.0,ok,0.019285131000060574,,[],True,small-dask.json
dask,filtered,std,small,10000,2.0,ok,0.013714196000023549,,[],True,small-dask.json
dask,filtered,mean_sum,small,10000,0.0,ok,0.018729951999944205,,[],True,small-dask.json
dask,filtered,mean_sum,small,10000,1.0,ok,0.01944976400000087,,[],True,small-dask.json
dask,filtered,mean_sum,small,10000,2.0,ok,0.015145699999948192,,[],True,small-dask.json
dask,filtered,count,small,10000,0.0,ok,0.013607078000063666,,[],True,small-dask.json
dask,filtered,count,small,10000,1.0,ok,0.013828945000000203,,[],True,small-dask.json
dask,filtered,count,small,10000,2.0,ok,0.015197135999983402,,[],True,small-dask.json
dask,filtered,count_index,small,10000,0.0,ok,0.013735468000049877,,[],True,small-dask.json
dask,filtered,count_index,small,10000,1.0,ok,0.01148443399995358,,[],True,small-dask.json
dask,filtered,count_index,small,10000,2.0,ok,0.011476737999942088,,[],True,small-dask.json
dask,filtered,complex,small,10000,,skipped,,source lacks coordinates,,,small-dask.json
dask,filtered_cached,value_counts,small,10000,0.0,ok,0.00824751599998308,,[],True,small-dask.json
dask,filtered_cached,value_counts,small,10000,1.0,ok,0.008522971999923357,,[],True,small-dask.json
dask,filtered_cached,value_counts,small,10000,2.0,ok,0.008434392000026492,,[],True,small-dask.json
dask,filtered_cached,join_count,small,10000,0.0,ok,0.010516385999949307,,[],True,small-dask.json
dask,filtered_cached,join_count,small,10000,1.0,ok,0.011848692999933519,,[],True,small-dask.json
dask,filtered_cached,join_count,small,10000,2.0,ok,0.010955874000046606,,[],True,small-dask.json
dask,filtered_cached,product_columns,small,10000,0.0,ok,0.0021527480000713695,,[],True,small-dask.json
dask,filtered_cached,product_columns,small,10000,1.0,ok,0.002218474999949649,,[],True,small-dask.json
dask,filtered_cached,product_columns,small,10000,2.0,ok,0.0024755850000701685,,[],True,small-dask.json
dask,filtered_cached,mean_product,small,10000,0.0,ok,0.004582954000056816,,[],True,small-dask.json
dask,filtered_cached,mean_product,small,10000,1.0,ok,0.004475705000004382,,[],True,small-dask.json
dask,filtered_cached,mean_product,small,10000,2.0,ok,0.004256371999986186,,[],True,small-dask.json
dask,filtered_cached,join,small,10000,0.0,ok,0.007795874999942498,,[],True,small-dask.json
dask,filtered_cached,join,small,10000,1.0,ok,0.006492736999916815,,[],True,small-dask.json
dask,filtered_cached,join,small,10000,2.0,ok,0.007626064000078259,,[],True,small-dask.json
dask,filtered_cached,groupby,small,10000,0.0,ok,0.02295762599999307,,[],True,small-dask.json
dask,filtered_cached,groupby,small,10000,1.0,ok,0.0231379779999088,,[],True,small-dask.json
dask,filtered_cached,groupby,small,10000,2.0,ok,0.022864212999934352,,[],True,small-dask.json
dask,filtered_cached,sum_columns,small,10000,0.0,ok,0.002127670000049875,,[],True,small-dask.json
dask,filtered_cached,sum_columns,small,10000,1.0,ok,0.0022111229999381976,,[],True,small-dask.json
dask,filtered_cached,sum_columns,small,10000,2.0,ok,0.002513198999963606,,[],True,small-dask.json
dask,filtered_cached,mean,small,10000,0.0,ok,0.003925183000092147,,[],True,small-dask.json
dask,filtered_cached,mean,small,10000,1.0,ok,0.0037667479999754505,,[],True,small-dask.json
dask,filtered_cached,mean,small,10000,2.0,ok,0.0037336189999450653,,[],True,small-dask.json
dask,filtered_cached,mean_complex,small,10000,,skipped,,source lacks coordinates,,,small-dask.json
dask,filtered_cached,std,small,10000,0.0,ok,0.0029453860000785426,,[],True,small-dask.json
dask,filtered_cached,std,small,10000,1.0,ok,0.0037396090000356708,,[],True,small-dask.json
dask,filtered_cached,std,small,10000,2.0,ok,0.0032455799999979718,,[],True,small-dask.json
dask,filtered_cached,mean_sum,small,10000,0.0,ok,0.004199427999992622,,[],True,small-dask.json
dask,filtered_cached,mean_sum,small,10000,1.0,ok,0.005160245000070063,,[],True,small-dask.json
dask,filtered_cached,mean_sum,small,10000,2.0,ok,0.004983395000067503,,[],True,small-dask.json
dask,filtered_cached,count,small,10000,0.0,ok,0.0032325299999911294,,[],True,small-dask.json
dask,filtered_cached,count,small,10000,1.0,ok,0.003689394999923934,,[],True,small-dask.json
dask,filtered_cached,count,small,10000,2.0,ok,0.0030623599999444195,,[],True,small-dask.json
dask,filtered_cached,count_index,small,10000,0.0,ok,0.002328816999920491,,[],True,small-dask.json
dask,filtered_cached,count_index,small,10000,1.0,ok,0.0024471220000350513,,[],True,small-dask.json
dask,filtered_cached,count_index,small,10000,2.0,ok,0.002847020999979577,,[],True,small-dask.json
dask,filtered_cached,complex,small,10000,,skipped,,source lacks coordinates,,,small-dask.json
joblib-pandas,standard,sum_columns,small,10000,0.0,ok,0.01284405700005209,,[],True,small-joblib-pandas.json
joblib-pandas,standard,sum_columns,small,10000,1.0,ok,0.01331818200003454,,[],True,small-joblib-pandas.json
joblib-pandas,standard,sum_columns,small,10000,2.0,ok,0.017048283999997693,,[],True,small-joblib-pandas.json
joblib-pandas,standard,product_columns,small,10000,0.0,ok,0.01364921599997615,,[],True,small-joblib-pandas.json
joblib-pandas,standard,product_columns,small,10000,1.0,ok,0.013460431999988032,,[],True,small-joblib-pandas.json
joblib-pandas,standard,product_columns,small,10000,2.0,ok,0.012807738999981666,,[],True,small-joblib-pandas.json
joblib-pandas,standard,std,small,10000,0.0,ok,0.013347159000090869,,[],True,small-joblib-pandas.json
joblib-pandas,standard,std,small,10000,1.0,ok,0.012847743000065748,,[],True,small-joblib-pandas.json
joblib-pandas,standard,std,small,10000,2.0,ok,0.012717371000007915,,[],True,small-joblib-pandas.json
joblib-pandas,standard,mean_sum,small,10000,0.0,ok,0.012586307999981727,,[],True,small-joblib-pandas.json
joblib-pandas,standard,mean_sum,small,10000,1.0,ok,0.012688497999988613,,[],True,small-joblib-pandas.json
joblib-pandas,standard,mean_sum,small,10000,2.0,ok,0.012775065999903745,,[],True,small-joblib-pandas.json
joblib-pandas,standard,join_count,small,10000,0.0,ok,0.018921858999988217,,[],True,small-joblib-pandas.json
joblib-pandas,standard,join_count,small,10000,1.0,ok,0.013752436999993733,,[],True,small-joblib-pandas.json
joblib-pandas,standard,join_count,small,10000,2.0,ok,0.014170004000106928,,[],True,small-joblib-pandas.json
joblib-pandas,standard,value_counts,small,10000,0.0,ok,0.012635348999992857,,[],True,small-joblib-pandas.json
joblib-pandas,standard,value_counts,small,10000,1.0,ok,0.013068699000086781,,[],True,small-joblib-pandas.json
joblib-pandas,standard,value_counts,small,10000,2.0,ok,0.01275094999994053,,[],True,small-joblib-pandas.json
joblib-pandas,standard,complex,small,10000,,skipped,,source lacks coordinates,,,small-joblib-pandas.json
joblib-pandas,standard,mean_product,small,10000,0.0,ok,0.012866485000017747,,[],True,small-joblib-pandas.json
joblib-pandas,standard,mean_product,small,10000,1.0,ok,0.013082463999921856,,[],True,small-joblib-pandas.json
joblib-pandas,standard,mean_product,small,10000,2.0,ok,0.013058845000045949,,[],True,small-joblib-pandas.json
joblib-pandas,standard,read_collect,small,10000,0.0,ok,0.012433948000079909,,[],True,small-joblib-pandas.json
joblib-pandas,standard,read_collect,small,10000,1.0,ok,0.01209734099995785,,[],True,small-joblib-pandas.json
joblib-pandas,standard,read_collect,small,10000,2.0,ok,0.012547196000014083,,[],True,small-joblib-pandas.json
joblib-pandas,standard,count,small,10000,0.0,ok,0.012138719000063247,,[],True,small-joblib-pandas.json
joblib-pandas,standard,count,small,10000,1.0,ok,0.012336731000004875,,[],True,small-joblib-pandas.json
joblib-pandas,standard,count,small,10000,2.0,ok,0.01406614199993328,,[],True,small-joblib-pandas.json
joblib-pandas,standard,groupby,small,10000,0.0,ok,0.014064268999959495,,[],True,small-joblib-pandas.json
joblib-pandas,standard,groupby,small,10000,1.0,ok,0.014562494999950104,,[],True,small-joblib-pandas.json
joblib-pandas,standard,groupby,small,10000,2.0,ok,0.014268731000015578,,[],True,small-joblib-pandas.json
joblib-pandas,standard,join,small,10000,0.0,ok,0.013917381999931422,,[],True,small-joblib-pandas.json
joblib-pandas,standard,join,small,10000,1.0,ok,0.013163630999997622,,[],True,small-joblib-pandas.json
joblib-pandas,standard,join,small,10000,2.0,ok,0.013646253000047182,,[],True,small-joblib-pandas.json
joblib-pandas,standard,mean,small,10000,0.0,ok,0.01294948400004614,,[],True,small-joblib-pandas.json
joblib-pandas,standard,mean,small,10000,1.0,ok,0.012901618999990205,,[],True,small-joblib-pandas.json
joblib-pandas,standard,mean,small,10000,2.0,ok,0.01498322499992355,,[],True,small-joblib-pandas.json
joblib-pandas,standard,mean_complex,small,10000,,skipped,,source lacks coordinates,,,small-joblib-pandas.json
joblib-pandas,standard,read_construct,small,10000,0.0,ok,0.012324026999976923,,[],False,small-joblib-pandas.json
joblib-pandas,standard,read_construct,small,10000,1.0,ok,0.013933055999928001,,[],False,small-joblib-pandas.json
joblib-pandas,standard,read_construct,small,10000,2.0,ok,0.012704412999937631,,[],False,small-joblib-pandas.json
joblib-pandas,standard,count_index,small,10000,0.0,ok,0.012630454000031932,,[],True,small-joblib-pandas.json
joblib-pandas,standard,count_index,small,10000,1.0,ok,0.012387935999981892,,[],True,small-joblib-pandas.json
joblib-pandas,standard,count_index,small,10000,2.0,ok,0.012563064999994822,,[],True,small-joblib-pandas.json
joblib-pandas,filtered,value_counts,small,10000,0.0,ok,0.013421210000046813,,[],True,small-joblib-pandas.json
joblib-pandas,filtered,value_counts,small,10000,1.0,ok,0.013240393999922162,,[],True,small-joblib-pandas.json
joblib-pandas,filtered,value_counts,small,10000,2.0,ok,0.015948298000012073,,[],True,small-joblib-pandas.json
joblib-pandas,filtered,join_count,small,10000,0.0,ok,0.014560031000087292,,[],True,small-joblib-pandas.json
joblib-pandas,filtered,join_count,small,10000,1.0,ok,0.013967557000000852,,[],True,small-joblib-pandas.json
joblib-pandas,filtered,join_count,small,10000,2.0,ok,0.013616888999990806,,[],True,small-joblib-pandas.json
joblib-pandas,filtered,product_columns,small,10000,0.0,ok,0.012929555000027904,,[],True,small-joblib-pandas.json
joblib-pandas,filtered,product_columns,small,10000,1.0,ok,0.013043794000054731,,[],True,small-joblib-pandas.json
joblib-pandas,filtered,product_columns,small,10000,2.0,ok,0.013978574000020672,,[],True,small-joblib-pandas.json
joblib-pandas,filtered,mean_product,small,10000,0.0,ok,0.013346781000109331,,[],True,small-joblib-pandas.json
joblib-pandas,filtered,mean_product,small,10000,1.0,ok,0.013423930000044493,,[],True,small-joblib-pandas.json
joblib-pandas,filtered,mean_product,small,10000,2.0,ok,0.014648835999992116,,[],True,small-joblib-pandas.json
joblib-pandas,filtered,join,small,10000,0.0,ok,0.013665030999959527,,[],True,small-joblib-pandas.json
joblib-pandas,filtered,join,small,10000,1.0,ok,0.014985113999955502,,[],True,small-joblib-pandas.json
joblib-pandas,filtered,join,small,10000,2.0,ok,0.013660733999927288,,[],True,small-joblib-pandas.json
joblib-pandas,filtered,groupby,small,10000,0.0,ok,0.014470854000023792,,[],True,small-joblib-pandas.json
joblib-pandas,filtered,groupby,small,10000,1.0,ok,0.015459598000006736,,[],True,small-joblib-pandas.json
joblib-pandas,filtered,groupby,small,10000,2.0,ok,0.01455143800001224,,[],True,small-joblib-pandas.json
joblib-pandas,filtered,sum_columns,small,10000,0.0,ok,0.013219483000057153,,[],True,small-joblib-pandas.json
joblib-pandas,filtered,sum_columns,small,10000,1.0,ok,0.014543902000013986,,[],True,small-joblib-pandas.json
joblib-pandas,filtered,sum_columns,small,10000,2.0,ok,0.014400018999936037,,[],True,small-joblib-pandas.json
joblib-pandas,filtered,mean,small,10000,0.0,ok,0.013703907000035542,,[],True,small-joblib-pandas.json
joblib-pandas,filtered,mean,small,10000,1.0,ok,0.013428662000023905,,[],True,small-joblib-pandas.json
joblib-pandas,filtered,mean,small,10000,2.0,ok,0.014409123000064028,,[],True,small-joblib-pandas.json
joblib-pandas,filtered,mean_complex,small,10000,,skipped,,source lacks coordinates,,,small-joblib-pandas.json
joblib-pandas,filtered,std,small,10000,0.0,ok,0.013010975999918628,,[],True,small-joblib-pandas.json
joblib-pandas,filtered,std,small,10000,1.0,ok,0.013198751999993874,,[],True,small-joblib-pandas.json
joblib-pandas,filtered,std,small,10000,2.0,ok,0.012989943999969,,[],True,small-joblib-pandas.json
joblib-pandas,filtered,mean_sum,small,10000,0.0,ok,0.013014296000051218,,[],True,small-joblib-pandas.json
joblib-pandas,filtered,mean_sum,small,10000,1.0,ok,0.014667843999973229,,[],True,small-joblib-pandas.json
joblib-pandas,filtered,mean_sum,small,10000,2.0,ok,0.013267092999967645,,[],True,small-joblib-pandas.json
joblib-pandas,filtered,count,small,10000,0.0,ok,0.012952915000028042,,[],True,small-joblib-pandas.json
joblib-pandas,filtered,count,small,10000,1.0,ok,0.018283012999972925,,[],True,small-joblib-pandas.json
joblib-pandas,filtered,count,small,10000,2.0,ok,0.012975949000065157,,[],True,small-joblib-pandas.json
joblib-pandas,filtered,count_index,small,10000,0.0,ok,0.013053453999987141,,[],True,small-joblib-pandas.json
joblib-pandas,filtered,count_index,small,10000,1.0,ok,0.013164912999968692,,[],True,small-joblib-pandas.json
joblib-pandas,filtered,count_index,small,10000,2.0,ok,0.013092695999944226,,[],True,small-joblib-pandas.json
joblib-pandas,filtered,complex,small,10000,,skipped,,source lacks coordinates,,,small-joblib-pandas.json
joblib-pandas,filtered_cached,value_counts,small,10000,0.0,ok,0.0004539189999377413,,[],True,small-joblib-pandas.json
joblib-pandas,filtered_cached,value_counts,small,10000,1.0,ok,0.0005623900000273352,,[],True,small-joblib-pandas.json
joblib-pandas,filtered_cached,value_counts,small,10000,2.0,ok,0.0004405710000128238,,[],True,small-joblib-pandas.json
joblib-pandas,filtered_cached,join_count,small,10000,0.0,ok,0.0011028870000018287,,[],True,small-joblib-pandas.json
joblib-pandas,filtered_cached,join_count,small,10000,1.0,ok,0.0011072329999706199,,[],True,small-joblib-pandas.json
joblib-pandas,filtered_cached,join_count,small,10000,2.0,ok,0.0013462260000096649,,[],True,small-joblib-pandas.json
joblib-pandas,filtered_cached,product_columns,small,10000,0.0,ok,0.00032214500004101865,,[],True,small-joblib-pandas.json
joblib-pandas,filtered_cached,product_columns,small,10000,1.0,ok,0.0003213140000752901,,[],True,small-joblib-pandas.json
joblib-pandas,filtered_cached,product_columns,small,10000,2.0,ok,0.00024580199999491015,,[],True,small-joblib-pandas.json
joblib-pandas,filtered_cached,mean_product,small,10000,0.0,ok,0.00035119799997573864,,[],True,small-joblib-pandas.json
joblib-pandas,filtered_cached,mean_product,small,10000,1.0,ok,0.0005994650000502588,,[],True,small-joblib-pandas.json
joblib-pandas,filtered_cached,mean_product,small,10000,2.0,ok,0.00040651000006164395,,[],True,small-joblib-pandas.json
joblib-pandas,filtered_cached,join,small,10000,0.0,ok,0.001018162000036682,,[],True,small-joblib-pandas.json
joblib-pandas,filtered_cached,join,small,10000,1.0,ok,0.0009996449999789547,,[],True,small-joblib-pandas.json
joblib-pandas,filtered_cached,join,small,10000,2.0,ok,0.0011387600000034581,,[],True,small-joblib-pandas.json
joblib-pandas,filtered_cached,groupby,small,10000,0.0,ok,0.001705275999938749,,[],True,small-joblib-pandas.json
joblib-pandas,filtered_cached,groupby,small,10000,1.0,ok,0.001792725000086648,,[],True,small-joblib-pandas.json
joblib-pandas,filtered_cached,groupby,small,10000,2.0,ok,0.001958109000042896,,[],True,small-joblib-pandas.json
joblib-pandas,filtered_cached,sum_columns,small,10000,0.0,ok,0.00023698899997270928,,[],True,small-joblib-pandas.json
joblib-pandas,filtered_cached,sum_columns,small,10000,1.0,ok,0.0003513480000947311,,[],True,small-joblib-pandas.json
joblib-pandas,filtered_cached,sum_columns,small,10000,2.0,ok,0.00033481399998436245,,[],True,small-joblib-pandas.json
joblib-pandas,filtered_cached,mean,small,10000,0.0,ok,0.00017464699999436561,,[],True,small-joblib-pandas.json
joblib-pandas,filtered_cached,mean,small,10000,1.0,ok,0.0002375299999357594,,[],True,small-joblib-pandas.json
joblib-pandas,filtered_cached,mean,small,10000,2.0,ok,0.00017203399988829915,,[],True,small-joblib-pandas.json
joblib-pandas,filtered_cached,mean_complex,small,10000,,skipped,,source lacks coordinates,,,small-joblib-pandas.json
joblib-pandas,filtered_cached,std,small,10000,0.0,ok,0.00021622899998874345,,[],True,small-joblib-pandas.json
joblib-pandas,filtered_cached,std,small,10000,1.0,ok,0.00023904299996502232,,[],True,small-joblib-pandas.json
joblib-pandas,filtered_cached,std,small,10000,2.0,ok,0.00023749100000713952,,[],True,small-joblib-pandas.json
joblib-pandas,filtered_cached,mean_sum,small,10000,0.0,ok,0.00030360800008111255,,[],True,small-joblib-pandas.json
joblib-pandas,filtered_cached,mean_sum,small,10000,1.0,ok,0.0003306479999309886,,[],True,small-joblib-pandas.json
joblib-pandas,filtered_cached,mean_sum,small,10000,2.0,ok,0.00027996299991173146,,[],True,small-joblib-pandas.json
joblib-pandas,filtered_cached,count,small,10000,0.0,ok,1.1116999985461007e-05,,[],True,small-joblib-pandas.json
joblib-pandas,filtered_cached,count,small,10000,1.0,ok,1.0405000011814991e-05,,[],True,small-joblib-pandas.json
joblib-pandas,filtered_cached,count,small,10000,2.0,ok,1.113600001190207e-05,,[],True,small-joblib-pandas.json
joblib-pandas,filtered_cached,count_index,small,10000,0.0,ok,9.434000048713642e-06,,[],True,small-joblib-pandas.json
joblib-pandas,filtered_cached,count_index,small,10000,1.0,ok,8.823000030133699e-06,,[],True,small-joblib-pandas.json
joblib-pandas,filtered_cached,count_index,small,10000,2.0,ok,1.411000005191454e-05,,[],True,small-joblib-pandas.json
joblib-pandas,filtered_cached,complex,small,10000,,skipped,,source lacks coordinates,,,small-joblib-pandas.json
pandas,standard,sum_columns,small,10000,0.0,ok,0.003607833000046412,,[],True,small-pandas.json
pandas,standard,sum_columns,small,10000,1.0,ok,0.00718768399997316,,[],True,small-pandas.json
pandas,standard,sum_columns,small,10000,2.0,ok,0.0039189860000306,,[],True,small-pandas.json
pandas,standard,product_columns,small,10000,0.0,ok,0.0033003890000600222,,[],True,small-pandas.json
pandas,standard,product_columns,small,10000,1.0,ok,0.0034839190000184317,,[],True,small-pandas.json
pandas,standard,product_columns,small,10000,2.0,ok,0.0032095550000121875,,[],True,small-pandas.json
pandas,standard,std,small,10000,0.0,ok,0.004013110000073539,,[],True,small-pandas.json
pandas,standard,std,small,10000,1.0,ok,0.0029161819999217187,,[],True,small-pandas.json
pandas,standard,std,small,10000,2.0,ok,0.003354690000037408,,[],True,small-pandas.json
pandas,standard,mean_sum,small,10000,0.0,ok,0.00293426799998997,,[],True,small-pandas.json
pandas,standard,mean_sum,small,10000,1.0,ok,0.003054657000006955,,[],True,small-pandas.json
pandas,standard,mean_sum,small,10000,2.0,ok,0.005720880000012585,,[],True,small-pandas.json
pandas,standard,join_count,small,10000,0.0,ok,0.004007311999998819,,[],True,small-pandas.json
pandas,standard,join_count,small,10000,1.0,ok,0.0037015110000311324,,[],True,small-pandas.json
pandas,standard,join_count,small,10000,2.0,ok,0.004042343000037363,,[],True,small-pandas.json
pandas,standard,value_counts,small,10000,0.0,ok,0.00309565699990344,,[],True,small-pandas.json
pandas,standard,value_counts,small,10000,1.0,ok,0.002994447000105538,,[],True,small-pandas.json
pandas,standard,value_counts,small,10000,2.0,ok,0.003262963999986823,,[],True,small-pandas.json
pandas,standard,complex,small,10000,,skipped,,source lacks coordinates,,,small-pandas.json
pandas,standard,mean_product,small,10000,0.0,ok,0.00353916599999593,,[],True,small-pandas.json
pandas,standard,mean_product,small,10000,1.0,ok,0.0039958749999868814,,[],True,small-pandas.json
pandas,standard,mean_product,small,10000,2.0,ok,0.003786566000030689,,[],True,small-pandas.json
pandas,standard,read_collect,small,10000,0.0,ok,0.003317714999980126,,[],True,small-pandas.json
pandas,standard,read_collect,small,10000,1.0,ok,0.003177277999952821,,[],True,small-pandas.json
pandas,standard,read_collect,small,10000,2.0,ok,0.002741433999972287,,[],True,small-pandas.json
pandas,standard,count,small,10000,0.0,ok,0.0030789319999939835,,[],True,small-pandas.json
pandas,standard,count,small,10000,1.0,ok,0.0034453929999926913,,[],True,small-pandas.json
pandas,standard,count,small,10000,2.0,ok,0.002980926999953226,,[],True,small-pandas.json
pandas,standard,groupby,small,10000,0.0,ok,0.004745850999938739,,[],True,small-pandas.json
pandas,standard,groupby,small,10000,1.0,ok,0.005060926000055588,,[],True,small-pandas.json
pandas,standard,groupby,small,10000,2.0,ok,0.0047007340000391196,,[],True,small-pandas.json
pandas,standard,join,small,10000,0.0,ok,0.004808804000049349,,[],True,small-pandas.json
pandas,standard,join,small,10000,1.0,ok,0.003790643000002092,,[],True,small-pandas.json
pandas,standard,join,small,10000,2.0,ok,0.0038032710000379666,,[],True,small-pandas.json
pandas,standard,mean,small,10000,0.0,ok,0.0036037859999851207,,[],True,small-pandas.json
pandas,standard,mean,small,10000,1.0,ok,0.003500904000020455,,[],True,small-pandas.json
pandas,standard,mean,small,10000,2.0,ok,0.0034102999999277017,,[],True,small-pandas.json
pandas,standard,mean_complex,small,10000,,skipped,,source lacks coordinates,,,small-pandas.json
pandas,standard,read_construct,small,10000,0.0,ok,0.0031132529999240433,,[],False,small-pandas.json
pandas,standard,read_construct,small,10000,1.0,ok,0.0029732109999258682,,[],False,small-pandas.json
pandas,standard,read_construct,small,10000,2.0,ok,0.0032194789999948625,,[],False,small-pandas.json
pandas,standard,count_index,small,10000,0.0,ok,0.0028406600000607796,,[],True,small-pandas.json
pandas,standard,count_index,small,10000,1.0,ok,0.003499903000033555,,[],True,small-pandas.json
pandas,standard,count_index,small,10000,2.0,ok,0.00452320299996245,,[],True,small-pandas.json
pandas,filtered,value_counts,small,10000,0.0,ok,0.004099186999951598,,[],True,small-pandas.json
pandas,filtered,value_counts,small,10000,1.0,ok,0.0035948130000633682,,[],True,small-pandas.json
pandas,filtered,value_counts,small,10000,2.0,ok,0.0036403599999630387,,[],True,small-pandas.json
pandas,filtered,join_count,small,10000,0.0,ok,0.0072455480000144235,,[],True,small-pandas.json
pandas,filtered,join_count,small,10000,1.0,ok,0.0048583970000208865,,[],True,small-pandas.json
pandas,filtered,join_count,small,10000,2.0,ok,0.004945274999954563,,[],True,small-pandas.json
pandas,filtered,product_columns,small,10000,0.0,ok,0.004366261000086524,,[],True,small-pandas.json
pandas,filtered,product_columns,small,10000,1.0,ok,0.004193446000044787,,[],True,small-pandas.json
pandas,filtered,product_columns,small,10000,2.0,ok,0.00504848800005675,,[],True,small-pandas.json
pandas,filtered,mean_product,small,10000,0.0,ok,0.004335571000069649,,[],True,small-pandas.json
pandas,filtered,mean_product,small,10000,1.0,ok,0.0039625749999459,,[],True,small-pandas.json
pandas,filtered,mean_product,small,10000,2.0,ok,0.005164960000001884,,[],True,small-pandas.json
pandas,filtered,join,small,10000,0.0,ok,0.0051471830000764385,,[],True,small-pandas.json
pandas,filtered,join,small,10000,1.0,ok,0.004481882000050064,,[],True,small-pandas.json
pandas,filtered,join,small,10000,2.0,ok,0.005136478000054012,,[],True,small-pandas.json
pandas,filtered,groupby,small,10000,0.0,ok,0.008791057999928853,,[],True,small-pandas.json
pandas,filtered,groupby,small,10000,1.0,ok,0.005270245000019713,,[],True,small-pandas.json
pandas,filtered,groupby,small,10000,2.0,ok,0.0074146380000001955,,[],True,small-pandas.json
pandas,filtered,sum_columns,small,10000,0.0,ok,0.00471980200006783,,[],True,small-pandas.json
pandas,filtered,sum_columns,small,10000,1.0,ok,0.0037756899999976667,,[],True,small-pandas.json
pandas,filtered,sum_columns,small,10000,2.0,ok,0.005276384000012513,,[],True,small-pandas.json
pandas,filtered,mean,small,10000,0.0,ok,0.0071485450000636774,,[],True,small-pandas.json
pandas,filtered,mean,small,10000,1.0,ok,0.003906202000052872,,[],True,small-pandas.json
pandas,filtered,mean,small,10000,2.0,ok,0.004383307000011882,,[],True,small-pandas.json
pandas,filtered,mean_complex,small,10000,,skipped,,source lacks coordinates,,,small-pandas.json
pandas,filtered,std,small,10000,0.0,ok,0.003705055000068569,,[],True,small-pandas.json
pandas,filtered,std,small,10000,1.0,ok,0.0038009769999689524,,[],True,small-pandas.json
pandas,filtered,std,small,10000,2.0,ok,0.003737073000024793,,[],True,small-pandas.json
pandas,filtered,mean_sum,small,10000,0.0,ok,0.0034123740000495673,,[],True,small-pandas.json
pandas,filtered,mean_sum,small,10000,1.0,ok,0.004448192000040763,,[],True,small-pandas.json
pandas,filtered,mean_sum,small,10000,2.0,ok,0.0035485740000922306,,[],True,small-pandas.json
pandas,filtered,count,small,10000,0.0,ok,0.004060620000018389,,[],True,small-pandas.json
pandas,filtered,count,small,10000,1.0,ok,0.0036417219999975714,,[],True,small-pandas.json
pandas,filtered,count,small,10000,2.0,ok,0.004376216000082422,,[],True,small-pandas.json
pandas,filtered,count_index,small,10000,0.0,ok,0.0037278889999470266,,[],True,small-pandas.json
pandas,filtered,count_index,small,10000,1.0,ok,0.020180390000064108,,[],True,small-pandas.json
pandas,filtered,count_index,small,10000,2.0,ok,0.003854186000012305,,[],True,small-pandas.json
pandas,filtered,complex,small,10000,,skipped,,source lacks coordinates,,,small-pandas.json
pandas,filtered_cached,value_counts,small,10000,0.0,ok,0.0004071409999824027,,[],True,small-pandas.json
pandas,filtered_cached,value_counts,small,10000,1.0,ok,0.00045434000003297115,,[],True,small-pandas.json
pandas,filtered_cached,value_counts,small,10000,2.0,ok,0.00042867199999818695,,[],True,small-pandas.json
pandas,filtered_cached,join_count,small,10000,0.0,ok,0.0010377710000284424,,[],True,small-pandas.json
pandas,filtered_cached,join_count,small,10000,1.0,ok,0.001471790999971745,,[],True,small-pandas.json
pandas,filtered_cached,join_count,small,10000,2.0,ok,0.000937692999968931,,[],True,small-pandas.json
pandas,filtered_cached,product_columns,small,10000,0.0,ok,0.00020893800001431373,,[],True,small-pandas.json
pandas,filtered_cached,product_columns,small,10000,1.0,ok,0.00022385099998700753,,[],True,small-pandas.json
pandas,filtered_cached,product_columns,small,10000,2.0,ok,0.00022653400003491697,,[],True,small-pandas.json
pandas,filtered_cached,mean_product,small,10000,0.0,ok,0.0005743980000261217,,[],True,small-pandas.json
pandas,filtered_cached,mean_product,small,10000,1.0,ok,0.0003934510000362934,,[],True,small-pandas.json
pandas,filtered_cached,mean_product,small,10000,2.0,ok,0.0004722669999637219,,[],True,small-pandas.json
pandas,filtered_cached,join,small,10000,0.0,ok,0.0011926890000495405,,[],True,small-pandas.json
pandas,filtered_cached,join,small,10000,1.0,ok,0.0010524829999667418,,[],True,small-pandas.json
pandas,filtered_cached,join,small,10000,2.0,ok,0.0010240410000506017,,[],True,small-pandas.json
pandas,filtered_cached,groupby,small,10000,0.0,ok,0.0017015499998933592,,[],True,small-pandas.json
pandas,filtered_cached,groupby,small,10000,1.0,ok,0.0018306810000012774,,[],True,small-pandas.json
pandas,filtered_cached,groupby,small,10000,2.0,ok,0.0019297970000025089,,[],True,small-pandas.json
pandas,filtered_cached,sum_columns,small,10000,0.0,ok,0.00023356400004104216,,[],True,small-pandas.json
pandas,filtered_cached,sum_columns,small,10000,1.0,ok,0.00021418599999378785,,[],True,small-pandas.json
pandas,filtered_cached,sum_columns,small,10000,2.0,ok,0.00023958299993864784,,[],True,small-pandas.json
pandas,filtered_cached,mean,small,10000,0.0,ok,0.00018935999992208963,,[],True,small-pandas.json
pandas,filtered_cached,mean,small,10000,1.0,ok,0.0001864850000856677,,[],True,small-pandas.json
pandas,filtered_cached,mean,small,10000,2.0,ok,0.00018619499996930244,,[],True,small-pandas.json
pandas,filtered_cached,mean_complex,small,10000,,skipped,,source lacks coordinates,,,small-pandas.json
pandas,filtered_cached,std,small,10000,0.0,ok,0.0002623880000101053,,[],True,small-pandas.json
pandas,filtered_cached,std,small,10000,1.0,ok,0.00024704399993424886,,[],True,small-pandas.json
pandas,filtered_cached,std,small,10000,2.0,ok,0.0002604139999675681,,[],True,small-pandas.json
pandas,filtered_cached,mean_sum,small,10000,0.0,ok,0.0003217549999590119,,[],True,small-pandas.json
pandas,filtered_cached,mean_sum,small,10000,1.0,ok,0.0004126390000465108,,[],True,small-pandas.json
pandas,filtered_cached,mean_sum,small,10000,2.0,ok,0.0003408129999797893,,[],True,small-pandas.json
pandas,filtered_cached,count,small,10000,0.0,ok,1.0644999974829261e-05,,[],True,small-pandas.json
pandas,filtered_cached,count,small,10000,1.0,ok,1.4761999977963569e-05,,[],True,small-pandas.json
pandas,filtered_cached,count,small,10000,2.0,ok,1.187700001992198e-05,,[],True,small-pandas.json
pandas,filtered_cached,count_index,small,10000,0.0,ok,1.0654999982762092e-05,,[],True,small-pandas.json
pandas,filtered_cached,count_index,small,10000,1.0,ok,1.154699998551223e-05,,[],True,small-pandas.json
pandas,filtered_cached,count_index,small,10000,2.0,ok,1.055500001712062e-05,,[],True,small-pandas.json
pandas,filtered_cached,complex,small,10000,,skipped,,source lacks coordinates,,,small-pandas.json
